subject,question,option1,option2,option3,option4,answer
1과목 TCP/IP,다음 중 UDP에 대한 설명으로 가장 타당하지 않은 것은?,UDP는 TCP에 비해 신뢰성이 떨어진다.,UDP는 사용자 데이터그램(Datagram)이라고 하는 데이터 유니트를 송신지의 응용 프로세스에서 수신지의 응용 프로세스로 전송한다.,UDP가 제공하는 오류검사는 홀수 패리티와 짝수 패리티가 있다.,UDP가 제공하는 서비스는 비연결형 데이터 전달서비스(Compunctionless Data Delivery Service)이다.,3
1과목 TCP/IP,다음 중 IP 프로토콜의 기능에 대한 설명으로 적당하지 않은 것은?,한 메시지를 여러 패킷으로 나눈 경우 패킷들은 보낸 순서와 다른 순서로 도착될 수 있다.,한 메시지를 여러 패킷으로 나눈 경우 각 패킷은 필요에 따라 서로 다른 경로를 통해 보내 질 수 있다.,하나의 사용자 데이터가 너무 큰 경우는 여러 개의 IP 패킷으로 나누어져 전송될 수 있다.,수신측에서는 도착한 IP 패킷의 에러여부를 검사하며 에러가 발생한 경우 재전송을 통하여 에러를 회복한다.,4
1과목 TCP/IP,다음 중 ARP(Address Resolution Protocol)에 관한 설명으로 타당한 것은?,IP 주소를 물리계층에서 이용하는 하드웨어 주소로 매 핑하는 기능을 제공한다.,Dynamic으로 설정된 내용을 Static 상태로 변경하는 ARP 명령어 옵션은 -d이다.,ARP가 IP 주소를 알기 위해 특정 호스트에게 메시지를 전송하고 이에 대한 응답을 기다린다.,ARP Cache는 IP 주소를 이더넷(Ethernet) 주소로 매핑한 모든 정보를 유지하고 있다.,1
1과목 TCP/IP,TCP 헤더 중에서 에러제어를 위한 필드는?,Offset,Checksum,Source Port,Sequence Number,2
1과목 TCP/IP,다음 중 ICMP의 메시지 사용에 대한 설명으로 타당하지 않은 것은?,라우터나 호스트간의 제어 또는 오류 정보를 서로 통신하는 메커니즘 설명,호스트나 라우터가 IP 헤더의 문법 오류를 발견한 경우,호스트의 IP가 중복된 경우,라우터가 데이터를 전달할 수 없는 경우,3
1과목 TCP/IP,"IP(Internet Protocol)는 데이터 세그먼트를 패킷으로 만들어 목적지로 전달하는 역할을 한다. 이 때, 패킷의 MTU (Maximum Transmission Unit)에 관한 설명으로 타당하지 않은 것은?",네트워크 기반 하드웨어 유형에 따라 MTU 크기가 다르다.,"RFC791에 따르면 MTU의 최대 크기는 65,535 바이트를 넘을 수 없게 되어 있다.","패킷이 분할되었는지, 그렇지 않은지 확인하는 필드는 Reserved Flag 필드이다.",커다란 MTU를 가진 네트워크에서 작은 MTU를 가진 네트워크로 데이터를 전달할 때 패킷은 라우터에 의해 분열된 다.,3
1과목 TCP/IP,다음 중 TCP/IP 응용프로토콜이 아닌 것은?,UDP,SMTP,SNMP,TFTP,1
1과목 TCP/IP,다음 중 SNMP의 설명으로 타당하지 않은 것은?,SNMP는 주기적으로 폴링하여 네트워크 상태 정보를 수집하고 분석하는 기능을 제공한다.,네트워크 확장을 용이하게 해준다.,SNMP는 TCP 세션을 이용한다.,Polling Overhead가 크다.,3
1과목 TCP/IP,IP 헤더 구조에 대한 설명으로 타당하지 않은 것은?,TOS - 인터넷에 제공되는 QOS 기능을 위한 서비스 형식 필드,Identification - 데이터그램의 조각을 구분하기 위해 사용하는 필드,TTL - 출발시간을 위한 필드,IP Option - 부가적인 서비스 식별을 위한 필드,3
1과목 TCP/IP,텔넷(Telnet)의 기능으로 옳은 것은?,컴퓨터(Computer)간의 파일(File) 전송 기능,네트워크(Network) 관리 기능,네트워크를 통한 가상 단말기 기능,네트워크를 통한 도메인(Domain) 관리 기능,3
1과목 TCP/IP,ARP 캐시에 대한 설명으로 타당하지 않은 것은?,각 호스트는 ARP Request를 보내기 전에 ARP 캐시에서 해당 호스트의 하드웨어 주소를 찾는다.,ARP 캐시는 새로운 하드웨어가 네트워크에 추가된 경우 갱신된다.,ARP 캐시의 수명이 유한하여 무한정 커지는 것을 방지한다.,중복된 IP가 발견된 경우 ARP 캐시는 갱신되지 않는다.,4
1과목 TCP/IP,다음에서 설명하는 프로토콜은?,UDP,ARP,RARP,Proxy ARP,3
1과목 TCP/IP,IGMP(Internet Group Management Protocol)에 대한 설명으로 가장 타당한 것은?,다중 전송을 위한 프로토콜이다.,네트워크간의 IP 정보를 물리적 주소로 매핑 한다.,하나의 메시지는 하나의 호스트에 전송된다.,TTL(Time To Live)이 제공되지 않는다.,1
1과목 TCP/IP,SMTP에 대한 설명 중 가장 적당하지 않은 것은?,SMTP는 메일전송 프로토콜이다.,SMTP는 서버의 이름과 주소가 정확해야 메일을 전송할 수 있다.,SMTP는 110번 포트를 이용한다.,SMTP는 전자메일 관리자를 따로 지정할 수 있다.,3
1과목 TCP/IP,다음 중 포트 넘버와 프로토콜이 바르게 짝지어진 것은?,Telnet - 21번 포트,POP2 - 27번 포트,POP3 - 25번 포트,HTTP - 80번 포트,4
1과목 TCP/IP,IP(155.100.100.5)가 속하는 Class는?,Class A,Class B,Class C,Class D,2
1과목 TCP/IP,프로토콜의 일반적인 기능 중 캡슐화(Encapsulation)를 할 때 제어정보에 포함되지 않는 것은?,연결 제어(Connection Control),프로토콜 제어(Protocol Control),에러 검출 코드(Error Detecting Code),주소(Address),1
1과목 TCP/IP,두 개 이상의 독립적인 네트워크가 서로 연동되어 연결되는 형태의 망은?,Catenet,PSDN,SNA,TCP/IP,1
1과목 TCP/IP,OSI 모델에서 계층구조상 기본 구성요소 중 개방형 시스템에서 각 계층별로 정보와 데이터를 전송하는 행위를 무엇이라 하는가?,실체(Entity),접속(Connection),데이터 단위(Data Unit),서비스(Service),4
1과목 TCP/IP,"정보통신망에서 이용자와 망 인터페이스 간에는 여러 가지 접속 조건이 있다.DTE와 DCE를 접속할 때의 커넥터의 형상, 핀 수, 핀 배열 등을 규정하고 있는 조건은?",물리적 조건,전기적 조건,논리적 조건,절차적 조건,1
1과목 TCP/IP,"다음의 망 연동 장치 중 네트워크 계층에서 사용하며, 여러 개의 서브네트워크를 연결할 때 사용하는 것은?",Bridge,Router,Repeater,Gateway,2
1과목 TCP/IP,데이터 링크 제어 프로토콜의 유형을 분류한 것 중 잘못된 것은?,비동기 프로토콜 : start - stop,문자 지향 프로토콜 : IBM SDLC,바이트 지향 프로토콜 : DECNET DDCMP,비트 지향 프로토콜 : X.25 LAPB,2
1과목 TCP/IP,"다음 중 발신 가입자로부터 수신자까지의 모든 전송, 교환 과정이 디지털로 처리되며 음성과 비음성 등 서비스를 종합적으로 처리하는 통신망은?",LAN,VAN,ISDN,WAN,3
1과목 TCP/IP,인터넷 서비스 중에서 Finger는 현재 인터넷의 호스트에 접속 중인 각 사용자에 대한 정보를 알려준다. 다음 중 일반적으로 Finger를 통해 알 수 있는 정보와 거리가 먼 것은?,해당 사용자의 주민등록번호,해당 사용자가 계정 등록 때 사용한 이름,해당 사용자가 메일을 보았는지 확인,해당 사용자가 호스트에 접속하기 위해 사용한 컴퓨터의 IP 주소,1
1과목 TCP/IP,인터넷의 계층적 구조가 순서에 맞게 배치된 것은?,네트워크계층-데이터링크계층-트랜스포트계층-응용계층,데이터링크계층-네트워크계층-트랜스포트계층-응용계층,네트워크계층-트랜스포트계층-데이터링크계층-응용계층,트랜스포트계층-네트워크계층-응용계층-네트워크 인터페이스 계층,2
1과목 TCP/IP,OSI(Open Systems Interconnection) 참조모델의 계층별 기능에 대한 설명으로 적절하지 않은 것은?,세션계층(Session Layer): 통신시스템 간의 상호대화를 허용하여 프로세스 간의 통신을 허용하고 동기화 한다.,표현계층(Presentation Layer): 서로 다른 컴퓨터에 의해 다양한 형식으로 표현된 정보를 송·수신하기 위해 표준형식으로 변환한다.,전송계층(Transport Layer): 통신망의 양단에서 시스템 간에 전체 메시지가 올바른 순서로 도착하는 것을 보장한다.,데이터링크계층(Data Link Layer): 응용 프로그램의 인터페이스와 통신을 실행하기 위한 응용 기능을 제공한다.,4
1과목 TCP/IP,다음 중 Windows 2000 Server의 파일 서버에 관한 설명으로 틀린 것은?,네트워크를 통해 파일을 액세스 할 수 있도록 만드는 방법은 해당 디렉토리를 공유하는 것이다.,공유된 디렉토리의 공유 이름으로 네트워크상의 다른 사용자가 공유 리소스를 이용할 수 있게 된다.,공유 디렉토리가 NTFS 볼륨에 있는 경우 일부 디렉토리에 대한 액세스를 막기 위해 디렉토리 사용 권한을 사용할 수 있다.,디렉토리를 공유할 때 공유 이름은 반드시 해당 디렉토리 이름을 사용한다.,4
3과목 NOS,Windows 2000 Server에서 여러 사용자 계정을 만들 경우 홈 디렉토리로 지정할 최종 경로에서 사용자 이름대신 사용하는 시스템 변수는?,%username%,%userdomain%,%homeshare%,%homedrive%,1
3과목 NOS,Windows 2000 Server의 IIS 웹 서버를 설치할 경우 자동으로 설치되는 것이 아닌 것은?,기본 웹 사이트,관리 웹 사이트,기본 SMTP 가상서버,POP3,4
3과목 NOS,다음 중 DNS 서버에 대한 설명으로 틀린 것은?,FQDN를 이용하여 IP주소에서 호스트 네임을 확인한다.,DNS 서버를 설정하려면 Administrator 또는 관리자 권한이 있는 계정으로 로그온 해야 한다.,Windows NT4.0에서 사용하던 Wins 기능은 지원하지 않는다.,도메인 네임을 IP 주소로 또는 IP 주소를 도메인 네임으로 변환하는 역할을 한다.,3
3과목 NOS,"DNS 서버의 이름을 사용자들이 편하게 사용할 수 있도록 하기 위해서는, DNS 대화상자에서 해당 서버의 어떤 메뉴를 실행하는가?",새 호스트,새 별칭,새 위임,새 도메인,2
3과목 NOS,"현재 FTP 사이트에 접속 중인 사용자를 확인할 경우, FTP서버의 등록정보에서 어느 탭을 클릭 하는가?",보안계정,FTP사이트,디렉토리 보안,홈 디렉토리,2
3과목 NOS,Linux에서 서버를 종료하기 위해 “shutdown - h +30”을 입력하였다. 그런데 갑자기 어떤 작업을 추가로 하게 되어 앞서 내렸던 명령을 취소하려고 한다. 이때 필요한 명령어는?,shutdown -c,shutdown -v,shutdown -x,shutdown -z,1
3과목 NOS,다음 중 인터넷 정보 서비스 메뉴에서 관리 웹 사이트 등록정보에 없는 탭은?,웹 사이트,디렉토리 보안,홈 디렉토리,LDAP 라우팅,4
3과목 NOS,다음 중 Active Directory에 대한 설명이 아닌 것은?,네트워크 상의 파일과 디렉토리 등의 자료를 좀 더 효율적으로 관리하기 위해 사용한다.,Active Directory의 설치와 삭제는 [시작] - [실행] - dcpromo 이다.,조직단위를 생성시킬 수 있다.,DNS의 기능과 관계가 없다.,4
3과목 NOS,Active Directory의 논리적 구조 중 ‘도메인’이 제공하는 장점이 아닌 것은?,관리 권한 및 액세스 제어 목록과 같은 보안 정책과 설정이 해당 도메인에만 적용된다.,도메인 또는 조직 단위에 관리 권한을 위임하면 모든 관리 권한을 가진 관리자가 많이 필요하다.,도메인을 사용하면 소속 조직의 구조를 좀 더 충실히 반영하도록 네트워크를 구성할 수 있다.,각 도메인은 해당 도메인에 있는 개체의 정보만 저장한다. 이런 방식으로 디렉토리를 분할함으로써 수많은 개체를 수용하도록 Active Directory를 확장할 수 있다.,2
3과목 NOS,Windows 2000 Server에서 사용하는 NTFS 시스템에 대한 설명 중 틀린 것은?,Windows NT부터 지원하기 시작한 NTFS 파일시스템은 다중사용자에 대한 효과적인 접근제어가 가능하도록 설계되어 있다.,NTFS 파일 시스템에서 다른 파일 시스템으로 바꾸려면 다시 포맷해야 한다.,FAT에 비해 성능이나 확장성 및 보안성이 개선되었다.,긴 파일 이름을 지원하지 않는다.,4
3과목 NOS,다음은 로컬 사용자 계정 만들기에서 ‘새 사용자’ 대화상자이다. 디폴트는 어느 부분에 체크되어 있는가?,다음 로그온할 때 반드시 암호 변경,암호 변경할 수 없음,암호 사용 기간 제한 없음,계정 사용 안함,1
3과목 NOS,Windows 2000 Server가 설치되면서 자동 생성되는 그룹으로 수정이 불가능한 그룹은?,Local Group,System Group,Built-in Group,Application Group,3
3과목 NOS,Windows 2000 Server의 MMC(Microsoft Management Console)의 기능 설명 중 옳지 않은 것은?,네트워크 기능들을 모니터링하고 관리도구들을 액세스하기 위한 고용콘솔이다.,하나의 관리자 인터페이스에 필요한 관리 요소를 스냅인으로 추가하여 관리할 수 있는 편리한 도구이다.,로컬 컴퓨터와 원격 컴퓨터를 하나의 화면에서 관리할 수는 없다.,"컴퓨터 관리에는 보통 시스템 도구, 저장소, 서비스 및 응용프로그램을 관리한다.",3
3과목 NOS,계정 잠금에 대한 설명으로 옳은 것은?,사용자가 여러 번 로그인에 실패하였을 때 해당 사용자의 계정을 파기한다.,잠금이 발생한 이후에는 반드시 관리자에 의해 해당 잠금이 풀려야 한다.,잠금이 발생하기 위한 로그인 실패 횟수는 관리자에 의해 설정될 수 있다.,Windows 2000 Server는 계정 잠금을 지원하지 않는다.,3
3과목 NOS,Linux에서는 긴 파일명을 허용한다. 너무 긴 파일명을 지정할 경우 몇 글자만 입력 후 어떤 키를 사용하면 그 이후의 글자가 입력되게 하는가?,Tab키,Shift키,Alt키,Ctrl키,1
3과목 NOS,2 개 이상의 동일한 LAN 사이를 연결하여 네트워크 범위를 확장하고 스테이션 간의 거리를 확장해 주는 장치는?,Repeater,Brouter,Router,Gateway,1
3과목 NOS,Ethernet 표준 케이블을 사용한 외장 MAU(Medium Access Unit)를 무엇이라 하는가?,Transceiver,Hub,Switching Hub,Codec,1
3과목 NOS,"최근 공중망 무선랜서비스가 상용화 되었는데 가입자는 접속장치에서 100m 반경이내에서 무선 랜카드 장착 노트북, PDA 등을 통해서 서비스를 받을 수 있는 접속장치는?",AP(Access Point),RF(Radio Frequency) Transceiver,Router,Switch,1
3과목 NOS,"다음 네트워크 장치 중 서로 다른 프로토콜을 가진 두 시스템 간을 연결시키며, OSI 참조모델의 모든 계층에서 동작하는 장치는?",Gateway,Router,Bridge,Repeater,1
1과목 TCP/IP,Anonymous FTP에 대한 설명으로 적당하지 않는 것은?,일반적으로 80번 포트를 사용하여 상호 통신한다.,"Internet의 많은 컴퓨터들이 Anonymous FTP를 사용하여 문서, S/W 등의 정보를 제공한다.",상대방측 컴퓨터의 계정이 없어도 파일을 송수신 할 수 있다.,"""anonymous"" 또는 ""ftp""를 계정으로 사용한다.",1
1과목 TCP/IP,ICMP의 Message Type 필드의 유형과 질의 메시지 내용이 잘못 연결된 것은?,0 - Echo Reply : 질의 메시지에 응답하는데 사용된다.,5 - Echo Request : 네트워크상의 두 개 이상의 장비의 기본 연결을 검사하기 위해 사용된다.,13 - Timestamp Request : 로컬 네트워크의 라우터를 파악하기 위해 사용된다.,17 - Address Mask Request : 장비의 서브넷 마스크를 요구하는데 사용된다.,2
1과목 TCP/IP,RARP에 대한 설명으로 타당하지 않는 것은?,ARP와 같은 역할을 수행하며 로컬디스크가 없는 시스템에 주로 사용된다.,RARP는 별도의 RARP 기능을 수행하는 서버를 필요로 한다.,하드웨어 주소를 IP 주소로 맵핑시킨다.,ARP와 같은 메시지 구조를 갖는다.,1
1과목 TCP/IP,인터넷 그룹 관리 프로토콜로 사용자들로 하여금 멀티캐스트 그룹에 참여하고 멤버간의 관계를 유지할 수 있도록 하는 프로토콜은?,ICMP,IGMP,EGP,IGP,2
1과목 TCP/IP,전자 메일 전송 프로토콜로 25번 포트를 이용하여 메시지를 전송하는 프로토콜은?,SMTP,SMMP,SNMP,SLIP,1
1과목 TCP/IP,DNS에 대한 설명 중 적당하지 않는 것은?,정방향 조회는 IP주소를 호스트이름으로 변환해준다.,전송 프로토콜로 UDP와 TCP를 모두 사용한다.,Windows의 Active Directory 사용 시 요구 된다.,일반적으로 53번 포트를 사용한다.,1
1과목 TCP/IP,TCP/IP의 디자인 목표로 타당하지 않는 것은?,에러 발생해도 신뢰할만한 완전한 서비스 수행,낮은 데이터 오버헤드에서도 효과적인 서비스 수행,일부 SW/HW에서 독립적,TCP와 IP의 완벽한 기능 분리,4
1과목 TCP/IP,호스트의 IP 주소가 50.221.100.5 번지를 갖는다면 해당하는 네트워크의 Class는?,Class A,Class B,Class C,Class D,1
1과목 TCP/IP,IP Addressing에 대한 설명으로 타당하지 않는 것은?,Class B의 최상위 2비트는 “01”로 설정한다.,Class C의 주소 범위는 192.0.0.0 ~ 223.255.255.0 이다.,하나의 Network ID에 대해 중복된 Host ID가 존재하지 않는다.,Class E는 일반적인 용도로 사용되지 않는다.,1
1과목 TCP/IP,서브넷 마스크에 대한 설명으로 적절하지 않는 것은?,Class A는 기본 netmask로 255.0.0.0을 이용한다.,"Class B에서 두 개의 네트워크로 나누고자 한다면, 실제 서브넷은 255.255.128.0이 된다.",Class C는 기본 netmask로 255.255.255.0을 이용한다.,"Class C에서 다섯 개의 네트워크로 나누고자 한다면, 실제 서브넷은 255.255.224.0이 된다.",4
1과목 TCP/IP,"패킷 전송의 최적 경로를 위해 다른 라우터들로부터 정보를 수집하는데, 최대 홉이 15를 넘지 못하는 프로토콜은?",RIP,OSPF,IGP,EGP,1
1과목 TCP/IP,Link State 알고리즘을 이용해 서로에게 자신의 현재 상태를 알려주며 네트워크 내 통신을 위해 사용하는 프로토콜은?,IGP,IDRP,EGP,BGP,1
1과목 TCP/IP,Telnet의 사용이 적절하지 않는 것은?,Telnet 도메인이름,Telnet 포트이름,Telnet 서버이름,Telnet IP주소,2
1과목 TCP/IP,포트번호가 잘못 짝 지워진 것은?,HTTP - 80번,FTP - 21번,TELNET - 24번,DHCP 서버 - 68번,3
1과목 TCP/IP,rlogin과 같은 초기 유닉스 계열 명령어에 보안 기능을 보완하여 원격지에 있는 호스트를 보다 안전하게 접속할 수 있는 프로토콜은?,RIP,CMIP,SSH,SNMP,3
1과목 TCP/IP,NIC(Network Interface Card)에 대한 설명으로 적합하지 않는 것은?,"NIC는 이더넷, 토큰링, FDDI와 같은 네트워크 형태에 따라 설계된 어댑터이다.",OSI 7계층 중 전송 계층에서 사용된다.,LAN카드라 불리고 컴퓨터 내에 설치되는 확장카드이다.,다른 인터페이스와 충돌이 있을 시 I/O주소를 맞춰주어야 한다.,2
2과목 네트워크 일반,정보통신망 중에서 노드의 개수가 같다고 가정했을 경우 가장 많은 링크를 발생 할 수 있는 것은?,성형망,트리망,루프망,메쉬망,4
2과목 네트워크 일반,컴퓨터 온라인 시스템에 사용하는 통신 제어 장치(CCU) 및 통신 제어 처리 장치(CCP)의 주요 기능이나 역할과 관계가 없는 것은?,"물리적, 논리적 인터페이스",직·병렬 변환,전송 제어 및 버퍼링,아날로그와 디지털 신호의 변환,4
2과목 네트워크 일반,회선경쟁선택방식의 프로토콜에 관한 설명으로 옳은 것은?,트래픽이 많은 멀티포인트회선에 사용할 경우에는 비효율적이다.,이 방식의 프로토콜에는 토큰링 토큰버스와 같은 방식이 있다.,"터미널의 통신량, 사용빈도에 따라 경쟁 선택의 기회를 차등적으로 부여할 수 있다.",경쟁 선택이 동시에 일어나면 데이터가 충돌하여 유실되는 경우가 있다.,1
2과목 네트워크 일반,모뎀과 DTE(Data Terminal Equipment)간에 이진 직렬 데이터 전송을 하기 위한 동작을 규정한 것은?,V.24,X.21,V.21,X.22,1
2과목 네트워크 일반,데이터 프레임의 구성에 따른 프로토콜의 분류 방식이 아닌 것은?,비트 방식,바이트 방식,문자 방식,페이지 방식,4
2과목 네트워크 일반,공중통신사업자로부터 통신회선을 빌려서 컴퓨터를 접속시킨 후 이 컴퓨터가 갖고 있는 정보를 여러 사용자에게 재판매하는 통신 서비스 시스템은?,VAN(Value Added Network),LAN(Local Area Network),INS(Information Network System),ISDN(Integrated Service Digital Network),1
2과목 네트워크 일반,패킷교환의 특징에 대한 설명 중 가장 적절하지 않는 것은?,패킷과 함께 오류제어를 함으로서 고품질/고신뢰성 통신이 가능하다.,패킷을 전송 시에만 전송로를 사용하므로 설비 이용효율이 높다.,종량제 과금처리가 용이하다.,복수의 상대방과는 통신이 불가능하다.,4
2과목 네트워크 일반,메일 서비스와 가장 관계가 먼 프로토콜은?,SMTP,FTP,POP3,MIME,2
2과목 네트워크 일반,다이얼 접속에 사용되는 SLIP과 PPP 프로토콜을 비교한 설명 중 가장 적절하지 않는 것은?,SLIP은 PPP와 마찬가지로 암호화된 사용자 인증을 제공 한다.,SLIP은 오직 TCP/IP 프로토콜만 지원한다.,"PPP는 TCP/IP 이외에 IPX/SPX, NetBEUI와 같은 프로토콜을 지원한다.",PPP는 SLIP과는 달리 동적으로 IP 주소를 할당한다.,1
2과목 네트워크 일반,패킷통신의 구조에 관한 내용 중 잘못된 것은?,패킷 교환이란 패킷 형태로 구성된 데이터를 패킷 교환기가 최적의 통신 경로를 선택하여 목적지까지 보내주는 통신방식이다.,"통신경로 설정은 네트워크 상황에 따라 이루어지는데, 발신지로부터 수신지까지 몇 개의 패킷 교환기를 경유하여 맺어진 채널을 Logical Channel이라 한다.",논리 채널이 Virtual Circuit로 일컬어지는 이유는 채널이 연결되어 있는 동안 두 통신자 사이가 물리적으로 연결되어 있는 상태가 아니고 논리적으로 연결되어 유지되는 상태이기 때문이다.,"회선 교환이 소프트웨어적인 개념의 교환이라면, 패킷 교환은 하드웨어적인 개념의 교환이라고 볼 수 있다.",4
2과목 네트워크 일반,DNS 서버에 IP주소를 도메인 네임으로 변환하는 기능을 가지도록 할 때 추가해야하는 영역은?,정방향 조회 영역,역방향 조회 영역,정방향 조회 영역의 보조 영역,세로 방향 조회 영역,2
2과목 네트워크 일반,DNS 서버 중 주기적으로 보조 서버에 정보를 전송하는 서버는?,마스터 서버,캐싱 전용 서버,주 서버,액티브 디렉터리 서버,3
2과목 네트워크 일반,DNS 서버를 설치하기 위해 우선 제어판에서 프로그램 추가/제거를 실행하는 이유는?,DNS서버 프로그램은 Windows 2000 Server에 포함되어 있지 않은 프로그램이기 때문이다.,바이러스를 예방하기 위해서이다.,Windows 2000 Server의 기본 설치 시 자동으로 설치되지 않기 때문이다.,제거 후 다시 설치를 해야 하기 때문이다.,3
2과목 네트워크 일반,FTP사이트 등록정보의 ‘FTP사이트’탭에서 현재 FTP 사이트에 접속 중인 사용자의 정보를 나타내는 방법 중 옳지 않는 것은?,사용자의 ID를 알 수 있다.,IP주소를 알 수 있다.,접속한 후 경과한 시간을 알 수 있다.,10일 단위로 평균 사용자 수를 알 수 있다.,4
2과목 네트워크 일반,Windows 2000 Server의 IIS 5.0에서 지원되는 인증 방식이 아닌 것은?,익명 엑세스,윈도우 통합 인증,다이제스트 인증,복합 인증,4
3과목 NOS,IP주소 할당 및 관리를 동적으로 설정할 수 있는 서버는?,NetBEUI,DHCP,DNS,WINS,2
3과목 NOS,Active Directory의 논리적 구조가 아닌 것은?,Domain,Tree,Forest,Graph,4
3과목 NOS,"기존 NT 4.0까지 지원되던 도메인 모델이나, 익스체인지 서버의 최신 버전에서 구현되었던 엔진을 모델로 하여, Windows 2000에서 사용되는 서비스로 대규모 네트워크상에서 적합한 디렉터리 서비스는?",Dynamic Directory,Static Directory,Active Directory,X Directory,3
3과목 NOS,Windows 2000 Server가 설치될 때 자동으로 생성되며 극히 제한적인 권한만 가지는 계정은?,Administrator,Power User,Guest,User,3
3과목 NOS,리눅스 시스템에서 지원하지 않는 파일 시스템은?,FAT,EXT,EXT2,EXT4,4
3과목 NOS,각 서비스에 대한 설명으로 옳은 것은?,아키(Archie) - 인터넷 상의 색인을 검색,고퍼(Gopher) - 인터넷 상에서 메뉴 방식의 자료 검색,웨이즈(WAIS) - 원하는 Anonymous FTP서버의 위치 검색,"WWW - 음성, 이미지 등의 전송 기능이 없음",2
3과목 NOS,사용자 프로파일에 대한 설명 중 잘못된 것은?,사용자 프로파일은 사용자가 컴퓨터에 로그온할 때 만들어진 환경 설정값과 네트워크 연결을 포함한다.,기본 사용자 프로파일은 사용자가 로그온하는 컴퓨터에 자동적으로 생성되어지며 모든 사용자 프로파일은 Document and Setting\Default Users 폴더의 복사본으로 생성된다.,최초 로그온 시 서버로부터 이동 사용자 프로파일을 다운로드받지 못하는 경우에는 로그온 할 수 없다.,최초 로그온 시 서버로부터 이동 의무 사용자 프로파일을 다운로드받지 못한다면 사용자는 도메인에 로그온 할 수 없다.,3
3과목 NOS,WINS(Windows Internet Name Service)의 기능을 가장 바르게 설명한 것은?,NetBIOS 이름 확인을 위한 로컬 IP 브로드케스트의 사용을 많이 한다.,사용자들의 원격 네트워크에서 시스템을 쉽게 찾을 수 없게 한다.,클라이언트에서 시작하여 네트워크에 참가 할 때마다 WINS 등록이 자동으로 수행되지 않는다.,WINS 데이터베이스는 동적 주소 구성 변경이 이루어질 때마다 자동으로 업데이트된다.,4
3과목 NOS,다른 운영체제와 리눅스가 공존하는 하나의 시스템에서 멀티 부팅을 지원할 때 사용되며 리눅스 로더를 의미하는 것은?,MBR,RAS,NetBEUI,LILO,4
3과목 NOS,폴더 공유에 대한 설명으로 틀린 것은?,NTFS 파일시스템이 아니더라도 공유폴더의 파일들에 대한 정교한 접근제어가 가능하다.,폴더를 공유하면 자동적으로 그 폴더에 있는 모든 파일들과 하위 폴더들을 공유한다.,폴더 공유는 원격지 워크스테이션에서 서버에 로그온 한 사용자들에 대해서만 접근을 제어할 수 있다.,기본적으로 새 공유는 모든 권한(Full Control)을Everyone 그룹에 제공한다.,1
3과목 NOS,Active Directory 서비스를 효과적으로 설치하기 위해서 고려해야 할 조건을 올바르게 설명한 것은?,Active Directory 서비스는 대규모 네트워크에 적합하지 않으므로 소규모 네트워크 환경에 적용해야한다.,Active Directory 설치 시 동적 업데이트를 지원하는 DHCP 서버가 필요하다.,Active Directory 서비스가 설치될 파티션은 NTFS 파일시스템으로 포맷되어 있어야 한다.,하드디스크의 용량은 500MB이상의 여유 공간이 필요하다.,3
3과목 NOS,리눅스에서 ‘ping 이라는 파일을 표준 입력으로 받아서 만들어라’에 대한 명령어 형식으로 옳은 것은?,cat >ping,cat ping,cat - ping,cat <ping,1
3과목 NOS,선로의 명칭 중 10BASE-T의 10은 무엇을 나타내는가?,접속할 수 있는 단말의 수가 10대이다.,배선 할 수 있는 케이블의 길이가 10미터이다.,데이터 전송속도가 10Mbps이다.,케이블의 굵기가 10밀리미터이다.,3
3과목 NOS,네트워크 장비 중 라우터의 기능으로 가장 올바른 것은?,데이터링크 층에서 복수의 LAN 접속,2개의 트랜시버에 의해 각각의 세그먼트에 접속,네트워크 계층에서 네트워크 정보에 의해 통신 경로제어,폭주 회피 라우팅 기능이나 프로토콜 타입/MAC 주소 등으로 필터링,3
4과목 네트워크 운용기기,MAC Address에 대해 바르게 설명한 것은?,NIC의 설치 시에 온라인을 통하여 할당 받는다.,하위 3바이트는 컴퓨터 제조업체에서 구입한다.,MAC Address에 대한 세부 사항은 IEEE에서 결정한다.,총 40bit로 구성되어 있다.,3
1과목 TCP/IP,Windows 2000 Server의 ‘netstat’ 명령 중 Ethernet Interface와 Protocol별 통계결과를 출력하는 명령은?,netstat -a -n,netstat -e -s,netstat -n -s,netstat -r -e,2
1과목 TCP/IP,ARP(Address Resolution Protocol)에 관한 설명으로 올바른 것은?,데이터 링크 계층에서 이용하는 하드웨어 주소를 IP주소로 맵핑하는 기능을 제공한다.,ARP Cache는 IP 주소를 하드웨어 주소로 맵핑한 모든 정보를 유지하고 있다.,ARP Cache의 내용을 보기 위한 명령으로 arp명령을 이용하고 이때 옵션은 -a 이다.,ARP가 IP 주소를 알기 위해 특정 호스트에게 메시지를 전송하고 이에 대한 응답을 기다린다.,3
1과목 TCP/IP,TCP/IP 프로토콜 중에서 IP 계층의 한 부분으로 에러 메시지와 같은 상태 정보를 알려주는 인터넷 제어 메시지 프로토콜은?,ICMP(Internet Control Message Protocol),ARP(Address Resolution Protocol),RARP(Reverse Address Resolution Protocol),UDP(User Datagram Protocol),1
1과목 TCP/IP,서버와 클라이언트의 Telnet 프로토콜은 표준안에 정의된 명령을 주고받으면서 통신을 하는데 이러한 명령은 어떠한 코드로 구성되어 있는가?,EBCDIC,ASCII,HEXA,BINARY,2
1과목 TCP/IP,"A회사에 호스트가 2,500대가 존재한다. 이 경우 B Class 주소를 할당받게 되면 주소의 낭비가 심하므로 이에 대한 해결책으로 연속된 C Class를 13개 신청하여 이들을 하나의 네트워크로 구성하려고 한다. 서브넷의 가장 올바른 설정은?",255.255.240.0,255.255.255.240,255.255.128.0,255.255.192.0,1
1과목 TCP/IP,"NullMODEM Cable을 이용하여 Windows 98과 Windows 2000 Server를 Windows 98의 ‘케이블 직접연결'을 이용하여 연결하려고 했지만 연결이 되지 않을 때, Windows 2000 Server의 ‘로컬 영역 연결 등록 정보'에서 설치해야 하는 프로토콜은?",NetBEUI,NWLink(IPX/SPX),DLC,TCP/IP,2
1과목 TCP/IP,TCP/IP 4계층에서 인터넷 데이터그램으로 패킷을 캡슐화 하고 필요한 라우팅 알고리즘의 실행을 담당하는 계층은?,Transport Layer,Network Interface Layer,Internet Layer,Application Layer,3
1과목 TCP/IP,IP 주소에 대한 설명으로 가장 올바른 것은?,Network ID로 126은 사용할 수 없다.,Class B의 최상위 2비트는 ‘0’로 설정한다.,하나의 Network ID에 대해 중복된 Host ID가 존재한다.,Class C는 주로 소규모 기업의 LAN 환경에 할당된다.,4
1과목 TCP/IP,ARP와 RARP에 대한 설명으로 잘못된 것은?,RARP는 브로드캐스팅을 통해 해당 네트워크 주소에 대응하는 하드웨어의 물리적 주소를 얻는다.,RARP는 로컬 디스크가 없는 네트워크상에 연결된 시스템에 사용된다.,ARP는 중복된 IP 주소 할당을 찾아낸다.,ARP와 RARP는 IP 주소와 이더넷(Ethernet) 주소를 변환하는데 관여한다.,1
1과목 TCP/IP,일반적으로 다른 네트워크와 단 하나의 노드로 연결된 네트워크를 스터브(Stub) 네트워크라고 한다. 스터브(Stub) 네트워크를 위한 라우팅 프로토콜로 가장 적합한 것은?,스태틱(Static) 라우팅 프로토콜,디스턴스 벡터(Distance-Vector) 라우팅 프로토콜,링크 스테이트(Link-State) 라우팅 프로토콜,딕스트라(Dijkstra) 라우팅 프로토콜,1
1과목 TCP/IP,UDP에 대한 설명으로 올바른 것은?,연결형 서비스를 제공한다.,Telnet은 UDP 상에서 동작한다.,오류 제어 기능이 없다.,비교적 안전하게 패킷을 전달하고자 할 때 사용된다.,3
1과목 TCP/IP,TCP/IP 프로토콜에서 IP 계층에서 캡슐화 하여 만들어지는 데이터 단위는?,메시지,세그먼트,데이터그램,프레임,3
1과목 TCP/IP,TCP/IP가 지원하는 링크 계층 프로토콜이 아닌 것은?,DQDB,RS-232C,FDDI,Ethernet,1
1과목 TCP/IP,TCP/IP 프로토콜에서 링크 계층의 역할이 아닌 것은?,멀티캐스팅을 지원하는 호스트와 라우터에서 사용되는 인터넷 그룹관리,RARP 모듈에 대한 RARP 요구/응답의 송수신,IP 모듈에 대한 IP 데이터그램의 송수신,ARP 모듈에 대한 ARP 요구/응답의 송수신,1
1과목 TCP/IP,"8비트의 ASCII코드에서 정보비트는 7비트, 패리티 비트는 1비트로 하는 비동기식으로 전송하고자 할 때의 전체효율은? (단, 시작 및 정지 비트는 1비트로 하고, 전송 시 문자간격은 무시한다.)",70%,80%,90%,100%,1
1과목 TCP/IP,Digital전송의 특징이 아닌 것은?,데이터 전송 시 Digital 신호를 이용한다.,신호 재생성기로 증폭기(Amplifier)를 이용한다.,Analog 전송보다 에러 확률을 감소시킬 수 있다.,리피터(Repeater)를 거치더라도 잡음까지 신호를 재생성 하지 않는다.,2
1과목 TCP/IP,음성 신호를 4KHz의 저역 여파기로 전 처리한 후 PCM전송을 할 때 표본 주파수는?,2KHz,4KHz,8KHz,16KHz,3
1과목 TCP/IP,"데이터 통신 시스템과 외부 환경과의 접속점에 위치하여, 여러 가지 형식으로 표현되는 데이터의 입출력을 위하여 사용되는 것은?",단말장치,데이터 전송 회선,통신 제어 장치,신호 변환 장치,1
1과목 TCP/IP,PCM 전송 방식을 올바르게 기술한 것은?,음성 -> 표본화 -> 양자화 -> 부호화 -> 전송로,음성 -> 양자화 -> 표본화 -> 부호화 -> 전송로,음성 -> 표본화 -> 부호화 -> 양자화 -> 전송로,음성 -> 양자화 -> 부호화 -> 표본화 -> 전송로,1
1과목 TCP/IP,"OSI 7 계층 중, 응용 계층(Application Layer)에서 통신을 수행하는 다양한 정보의 표현 형식을 공통의 전송형식으로 변환하고 암호화 및 압축 등의 기능을 수행하는 계층은?",세션 계층,네트워크 계층,트랜스포트 계층,프리젠테이션 계층,4
1과목 TCP/IP,"스펙트럼 확산 방식을 이용하여 넓은 주파수 대역에 다수의 사용자가 서로 다른 부호를 사용함으로써 동일한 주파수, 동일한 시간을 사용하여 접속하는 방식은 어떤 원리를 이용하는 것인가?",시분할 다중화,코드 분할 다중화,주파수 분할 다중화,통계적 시분할 다중화,2
1과목 TCP/IP,전송매체를 통한 데이터 전송 시 거리가 멀어질수록 신호의 세기가 약해지는 현상은?,감쇠현상,상호변조잡음,지연왜곡,누화잡음,1
1과목 TCP/IP,"도시의 여러 부분에 위치한 근거리통신망(LAN)을 상호 연결 하며, 고속방송망으로 이용되는 것은?",FDDI,DQDB,Ethernet,Token Bus,2
1과목 TCP/IP,Token Ring에 대한 설명 중 올바른 것은?,DEC에서 개발하였다.,IEEE802.3 표준안이다.,충돌이 일어나지 않는다.,CSMA/CD 방식을 사용하였다.,3
1과목 TCP/IP,LDAP의 설명으로 잘못된 것은?,LDAP는 국제표준화를 담당하는 ITU(Internal Telecomm unications Union)에서 디렉터리의 호환을 위해서 만들었다.,LDAP 프로토콜은 X.500의 불편한 기능들과 단점들을 배제한 프로토콜이다.,LLDAP는 현재 디렉터리 서비스의 표준 프로토콜로 자리 잡고 있다.,Windows 2000 Server의 Active Directory 서비스는 LDAP 프로토콜을 이용하여 구현되었다.,1
1과목 TCP/IP,스레드(Thread)에 대한 설명으로 올바른 것은?,프로세서의 가장 작은 단위이다.,시스템에서 실행되고 있는 모든 프로그램을 뜻한다.,워드나 엑셀 같은 응용 프로그램을 뜻한다.,동시에 여러 개의 응용 프로그램을 구동할 수 있게 한다.,1
1과목 TCP/IP,Windows 2000 Server의 로컬그룹에 대한 설명으로 올바른 것은?,"Domain에 속한 모든 컴퓨터에, 로그온이 가능한 계정들의 그룹이다",설치 시 자동으로 생성되어 진다.,로컬 그룹이 생성되어진 컴퓨터에 있는 자원에 대한 허가를 위하여 사용한다.,Windows 2000 Domain Controller에서도 로컬 그룹의 생성이 가능하다.,3
1과목 TCP/IP,DHCP 서버에 대한 설명으로 올바른 것은?,도메인 이름을 동적으로 IP 주소로 변환하는 일을 담당하는 서버이다.,서로 다른 서브넷(Subnet)을 연결하는 역할을 담당한다.,네트워크에 연결된 컴퓨터에 동적으로 IP 주소를 할당한다.,원하는 파일을 찾아 전송하는 역할을 담당한다.,3
3과목 NOS,NTFS에 대한 설명 중 잘못된 것은?,NTFS는 Windows 2000 Server 시스템에서 가장 효율적인 파일 시스템으로 대부분의 운영체제에서 호환성을 가진다.,"FAT, HPSF 파일 시스템 보다 더 큰 파일과 파티션 사이즈를 지원한다.",FAT와 비교해 볼 때 파일과 디렉터리 단위의 보안을 설정할 수 있는 이점이 있다.,파일과 디렉터리의 압축과 POSIX 요구사항을 지원한다.,1
3과목 NOS,"Windows 2000 Server를 사용하는 어떤 회사의 DNS에 ‘마스터 이름서버’와 ‘보조 이름서버’가 설치되어 있을 때, 떨어진 한 공장에 있는 네트워크 사용자를 위하여 이름해석을 하되 최소한의 대역폭을 사용하는 DNS서버를 구성하고 싶을 경우 올바른 DNS서버 역할은?",마스터 이름 서버,보조 이름 서버,캐시 서버,전달 서버,3
3과목 NOS,Windows 2000 Server의 WINS 서버에 대한 설명 중 잘못된 것은?,WINS 서버가 실행되는 호스트는 동적 IP 주소를 사용한다.,NetBIOS 네트워크 작업을 지원하는 마이크로소프트사의 운영체제가 설치된 로컬네트워크에 사용되는 동적 호스트 이름 기반의 주소배정 기법이다.,호스트 이름을 TCP/IP 주소로 맵핑하는 데이터베이스를 유지함으로써 TCP/IP의 모든 장점을 이용하여 쉽게 다른 호스트와 통신할 수 있다.,많이 요청되는 이름 번역 요청에 대한 브로드캐스트 패킷을 가로채고 내부에서 처리하여 네트워크의 부하를 줄일 수 있다.,1
3과목 NOS,Windows 2000 Server에서 ‘로컬보안 설정’의 ‘계정 잠금 정책’ 대화 상자에 포함되지 않는 것은?,계정 잠금 기간,계정 잠금 임계값,다음 시간 후 계정 잠금 수를 원래대로 설정,로그온 유지 시간 설정하기,4
3과목 NOS,DNS(Domain Name System)서버를 처음 설치하고 가장 먼저 만들어야 하는 데이터베이스 레코드는?,CNAME,HINFO(Host Information),PTR(Pointer),SOA(Start Of Authority),4
3과목 NOS,Windows 2000 Server의 FTP 서버 기능에 대한 설명 중 올바른 것은?,"익명의 사용자가 접근 가능하도록 설정한 경우에는, 다른 설정 내용과 관계없이 어느 곳에 있는 컴퓨터이든 접근할 수 있다.",디렉터리에 대해 실제 디렉터리 이름과 다른 가명을 사용할 수 있다.,FTP 서비스를 통해 서버에 접근하는 경우에는 항상 읽기 권한만이 적용된다.,모든 디렉터리에 대해 동일한 권한을 설정해야 한다.,2
3과목 NOS,Windows 2000 Server에서 새로운 사용자를 만들어 줄 때 사용자 암호를 사용자만이 알게 하고 싶을 경우 관리자가 설정해야 할 옵션으로 가장 적합한 것은?,?암호 변경할 수 없음,?다음 로그온 할 때 반드시 암호 변경,?암호 사용 기간 제한 없음,?계정 사용 안함,2
3과목 NOS,Windows 2000 Server 설치 시 기본으로 생성되는 사용자계정은?,"Administrator, Guest","Administrator, User","Power User, Guest","Administrator, Power User",1
3과목 NOS,Windows 2000 Server의 동적 디스크에서 지원하지 않는 볼륨은?,단순 볼륨,스팬 볼륨,RAID - 5 볼륨,RAID - 0+1 볼륨,4
3과목 NOS,네트워크 인터페이스가 내장된 프린트 디바이스의 사용과 관계가 없는 것은?,네트워크 인터페이스 프린트 디바이스는 네트워크에 직접 연결되므로 IP주소가 할당된다.,표준(Standard) TCP/IP 프린터 포트를 추가하여 사용할 수 있다.,로컬 프린터 포트보다 고속 프린팅이 가능하므로 대용량 프린팅 작업에 유리하다.,네트워크 인터페이스 프린트 디바이스의 포트 이름은 URL 방식으로 입력한다.,4
3과목 NOS,호스트 네임과 도메인 네임이 함께 붙여진 이름을 뜻하는 것은?,FQDN,IP주소,가상 주소,WINS,1
3과목 NOS,리눅스 설치 시 Swap 영역에 대한 설명 중 잘못된 것은?,RAM의 부족한 용량을 보충하기 위해 하드 디스크의 일정부분을 지정하여 RAM처럼 사용한다.,일반적으로 실제 메모리의 두 배 정도면 적당하다.,시스템을 모니터링 한 결과 Swap이 많이 일어나면 메모리를 증설해야 한다.,한번 설정한 Swap은 추가가 불가능하므로 신중을 기해 크기를 결정해야 한다.,4
3과목 NOS,리눅스에서 Disk Quota에 대한 설명 중 올바른 것은?,시스템에 사용할 수 있는 디스크의 수를 제한한다.,User가 특정 파일 시스템에서 사용할 수 있는 디스크의 양을 제한한다.,User가 특정 디스크에 접속하는 것을 제한한다.,User가 특정 파일 시스템에 접속하는 것을 제한한다.,2
3과목 NOS,이기종간의 네트워크 특성을 상호 변환하여 호환성이 있는 정보 전송을 가능하게 해주는 기기는?,Repeater,Bridge,Router,Gateway,4
4과목 네트워크 운용기기,Hub에 대한 설명 중 올바른 것은?,Hub에 IP 주소를 배정하지 않아도 통신에는 지장이 없다.,네트워크가 서로 다른 두 장비간의 통신에 사용된다.,필터링 기능으로 다른 포트로 못 건너가게 막아준다.,콜리전(Collision) 도메인을 나누어 주는 역할을 한다.,1
4과목 네트워크 운용기기,광섬유에서 광의 입사각 조건을 표시하는 것은?,코어(CORE),클래드(CLAD),모드수(MODE),개구수(NA),4
1과목 TCP/IP,네트워크 케이블에서 실제로 움직이는 패킷은 크게 3섹션으로 구별된다.다음 중 이 패킷의 구성(섹션)이 아닌 것은?,헤더,데이터,데이터그램,트레일러,3
1과목 TCP/IP,다음 중 TCP/IP 프로토콜의 특징이 아닌 것은?,인터넷과 직접적인 통신이 가능하다.,강력한 라우팅 기능을 지원 한다.,인터넷상의 HOST에 제공하는 IP의 수에 제한이 없다.,현재 사용되고 있는 대부분의 네트워크와의 연결을 제공한다.,3
1과목 TCP/IP,다음 중 정상적인 IP Address는?,203.237.192.36,203.247.256.89,203.199.203.256,203.237.192,1
1과목 TCP/IP,IP주소의 부족을 해결하기 위해 제시된 것은?,Subnetmask,IPv6,Routing,Supernet,2
1과목 TCP/IP,인터넷에서 사용되는 네트워크 클래스 B에서 한 네트워크 내의 최대 호스트 수는?,"65,534",254,"1,024",128,1
1과목 TCP/IP,다음 중 라우팅 프로토콜에 속하지 않는 것은?,RIP(Routing Information Protocol),OSPF(Open Shortest Path Fast),BGP(Border Gateway Protocol),SNMP(Simple Network Management Protocol),4
1과목 TCP/IP,"동일한 네트워크상의 목적지 호스트로 IP 데이터그램을 직접 전달할 수 있도록, 목적지 인터넷 주소를 네트워크 인터페이스 카드의 하드웨어 주소로 변환하는 프로토콜은?",ICMP,IGMP,ARP,RARP,3
1과목 TCP/IP,물리적 하드웨어 주소를 IP주소로 매핑시키는 프로토콜은?,DHCP,ICMP,ARP,RARP,4
1과목 TCP/IP,ICMP 메시지 내용과 거리가 먼 것은?,호스트의 IP가 중복된 경우,라우터가 데이터를 전달할 수 없는 경우,라우터나 호스트간의 제어 또는 오류 정보를 서로 통신하는 메커니즘 설명,호스트나 라우터가 IP 헤더의 문법 오류를 발견한 경우,1
1과목 TCP/IP,원격지에 있는 호스트에 연결하여 접속하고자 하는 인터넷 서비스를 제공하는 것은?,SNMP,ICMP,FTP,Telnet,4
1과목 TCP/IP,IP 프로토콜의 기능에 대한 설명 중 잘못된 것은?,한 메시지를 여러 패킷으로 나눈 경우 패킷들은 보낸 순서와 다른 순서로 도착될 수 있다.,한 메시지를 여러 패킷으로 나눈 경우 각 패킷은 필요에 따라 서로 다른 경로를 통해 보내 질 수 있다.,하나의 사용자 데이터가 너무 큰 경우는 여러 개의 IP 패킷으로 나누어져 전송될 수 있다.,수신측에서는 도착한 IP 패킷의 에러여부를 검사하며 에러가 발생한 경우 재전송을 통하여 에러를 회복한다.,4
1과목 TCP/IP,FTP에 관한 설명 중 잘못된 것은?,"인터넷 파일 전송 프로토콜로 ASCII, EBCDIC, 또는 이진 파일을 전송하는데 사용한다.","사용 가능한 명령들로는 ls, pwd, get, put 등이 있다.",인터넷 프로토콜 UDP상에서 동작하는 응용 프로그램이다.,인터넷 프로토콜 계층 구조상의 응용 계층에 속한다.,3
1과목 TCP/IP,B Class를 6개의 서브넷으로 사용하고 싶을 때의 서브넷 마스크는?,255.255.224.0,255.255.240.0,255.255.248.0,255.255.255.0,1
1과목 TCP/IP,다음 설명 중 잘못된 것은?,게이트웨이는 네트워크와 네트워크를 연결해주는 역할을 담당하는 네트워크 장비이다.,DNS는 도메인 이름 서비스(Domain Name Service)의 약식 표기로서 숫자로 구성된 IP주소를 기억하기 쉽도록 표현할 수 있게 하는 서비스이다.,"도메인은 호스트 이름, 기관이름, 기관의 분류 및 국가 등을 표현하고 있으며 하나의 호스트는 하나의 도메인 이름만을 가진다.",도메인 이름은 DNS 서버에 의해 대응하는 IP주소로 변화되어 전송 목적지의 주소를 식별한다.,3
1과목 TCP/IP,다음 중 E-mail에서 사용되는 프로토콜은?,Telnet,FTP,SMTP,NNTP,3
1과목 TCP/IP,인터넷 폰의 통신 프로토콜은?,SNMP,RTP,NetBEUI,NetBIOS,2
1과목 TCP/IP,"프로토콜은 사용 목적과 종류에 따라 다양한 기능의 종합으로 이루어지며, 모든 프로토콜에 모든 기능이 다 있는 것은 아니고 경우에 따라서는 몇 가지 같은 기능이 다른 계층의 프로토콜을 나타내기도 한다. 프로토콜의 기능이 아닌 것은?",세분화와 재합성,캡슐화,확장성,전송 서비스,3
2과목 네트워크 일반,"RS-232, RS-449, RS-530, V.24 와 X.21 등은 무엇을 위한 것인가?",여러 형태의 전송 채널을 위한 표준안,터미널과 모뎀간의 인터페이스를 위한 표준안,모뎀과 전송 장비간의 인터페이스를 위한 표준안,데이터 통신 시스템의 단자 간 성능을 위한 표준안,2
2과목 네트워크 일반,다음 에러제어 기법 중 자동 재 전송 기법이 아닌 것은?,Stop and Wait ARQ,Go-Back N ARQ,전진에러 수정(FEC),Selective ARQ,3
2과목 네트워크 일반,채널을 통해 보낼 수 있는 채널대역폭과 데이터양의 관계는?,반비례,제곱근에 비례,1/3비례,비례,4
2과목 네트워크 일반,다음 중 근거리 통신망(LAN)의 국제 표준 모델을 제공하고 있는 표준 규격은?,ISO,IEEE 802,X.25,TCP/IP,2
2과목 네트워크 일반,HDLC프레임의 구성에서 FCS필드에 사용되는 CRC의 생성다항식은 몇 비트 부호인가?,16bit,8bit,4bit,2bit,1
2과목 네트워크 일반,OSI 참조 모델 중 물리적인 링크를 통하여 신뢰성 있는 정보를 전송하는 기능을 제공하는 계층은?,Datalink Layer,Transport Layer,Physical Layer,Session Layer,1
2과목 네트워크 일반,너무 많은 패킷이 서브넷 상에 존재하여 전송 속도를 저하시키는 것을 혼잡(Congestion)이라 한다.다음 중 혼잡이 더욱 심하여져 패킷이 더 이상 움직이지 못하는 상태는?,Multipath,Datagram,Preallocation,Deadlock,4
2과목 네트워크 일반,다음 중 LAN 구축 시 고려해야 할 요소가 아닌 것은?,전송방식,전송매체,Topology,전송성능,4
2과목 네트워크 일반,다음 중 VoIP 주요기술에 해당되지 않은 것은?,음성코딩 및 음성처리 기술,PSTN/IF변환 기술,번호 변환을 위한 디렉터리 검색 기술,지향성 안테나 기술,4
2과목 네트워크 일반,Windows 2000 Server에서 현재 공유 자원에 연결된 사용자들을 끊으려면 [컴퓨터 관리]의 MMC트리에서 어떤 작업을 실행해야 하는가?,‘세션’을 실행한다.,‘열린 파일’을 실행한다.,‘공유’를 실행한다.,‘모든 작업’을 실행한다.,1
2과목 네트워크 일반,Windows 2000 Server의 인터넷 정보 서비스(IIS)에서 사용 가능한 서비스는?,"FTP 서비스, 웹 서비스","웹 서비스, 텔넷 서비스","텔넷 서비스, SMTP 서비스","SMTP 서비스, DHCP 서비스",1
2과목 네트워크 일반,다음 중 인터넷 정보 서비스(IIS) 메뉴에서 관리 웹 사이트 등록정보에 없는 탭은?,웹 사이트,디렉터리 보안,홈 디렉터리,LDAP 라우팅,4
2과목 네트워크 일반,다음 중 Windows 2000 Server에서 FTP Server와 관련이 없는 것은?,TCP Port,IIS(Internet Information Service),Anonymous,Exchange Server,4
2과목 네트워크 일반,다음 DNS 데이터베이스 레코드의 유형 중 연결이 잘못된 것은?,MX - 도메인의 메일 서버를 식별한다.,A - 호스트 이름을 IP주소로 매핑한다.,CNAME - 호스트 정보를 표시한다.,NS - 이름 서버를 나타낸다.,3
2과목 네트워크 일반,DHCP 서버는 Scope라 불리는 IP주소의 범위를 만들어 컴퓨터들에게 제공할 IP주소 정보를 준비한다.다음 중 Scope의 속성으로 볼 수 없는 것은?,DHCP 서비스 임대 제안에 사용되는 주소를 포함시키거나 제외하는 IP주소의 범위,특정 IP주소의 서브넷을 결정하는 고유한 서브넷 마스크,범위를 만들 때 지정되는 범위 이름,DNS 서버 이름,4
2과목 네트워크 일반,Windows 2000 Server에서 전 네트워크에 있는 자원에 대한 정보를 논리적 계층 구조로 저장하고 있어서 이를 찾아내거나 관리하고 사용하기 용이하게 만든 것은?,Active Directory 서비스,DHCP 서비스,DNS 서비스,WINS 서비스,1
2과목 네트워크 일반,Windows 2000 Server의 사용자 관리에 관한 다음 설명 중 옳은 것은?,관리자(Administrator) 계정은 삭제할 수 있다.,관리자가 만든 계정은 모두 삭제 가능하다.,사용자 계정은 고유한 ID와 고유한 패스워드를 가져야한다.,guest 계정은 언제나 사용 가능해야 한다.,2
3과목 NOS,Windows 2000 Server의 사용자 계정에 대한 설명으로 옳은 것은?,새로 생성된 계정으로 로그인 하는 경우에 반드시 암호를 다시 지정해야 한다.,모든 암호는 대소문자를 구분하지 않는다.,일정 기간이 지나면 암호를 반드시 변경 하여야 한다.,계정을 삭제하지 않고도 사용하지 못하도록 할 수 있다.,4
3과목 NOS,다음 중 파일과 폴더의 보안을 위한 NTFS 사용권한의 설명 중 맞는 것은?,NTFS는 공유폴더내의 파일만 권한 부여를 할 수 있다.,사용자계정 각각에 대해 부여할 수 있고 그룹계정에는 부여할 수 없다.,사용자가 로컬로 로그온 해서 자원을 액세스할 경우에만 적용된다.,NTFS는 파일 내에 보안 정보가 기록되기 때문에 파일과 폴더의 사용 권한을 각각 설정해 줄 수 있다.,4
3과목 NOS,Windows 2000 Server의 계정에 대해 잘못 설명된 것은?,"내장 사용자 계정, 로컬 사용자 계정, 도메인 사용자 계정으로 구분된다.",로컬 사용자 계정은 로컬 컴퓨터로 로그 온 하기 위해 생성된 계정이다.,삭제된 로컬 사용자 계정은 같은 ID로 등록하면 이전과 동일한 사용자로 인식한다.,내장 사용자 계정은 Windows 2000 Server 설치 시에 자동으로 생성된 계정이다.,3
3과목 NOS,Linux의 LILO에 대한 설명으로 잘못된 것은?,Linux로 부팅하기 위한 부트 매니저(Boot Manager) 프로그램이다.,LILO는 하드 디스크의 MBR에만 설치된다.,다른 운영체제와 Linux가 공존하는 시스템에서 멀티부팅을 지원하기 위해 사용된다.,리눅스 로더(Linux Loader)를 의미한다.,2
3과목 NOS,"Linux에서 파티션 할 경우, Type이 Swap인 경우는 어떤 의미인가?",Linux가 실제로 자료를 저장하는데 사용되는 파티션이다.,Linux가 네트워킹 상태에서 쿠키를 저장하기 위한 파티션이다.,메모리가 부족할 경우 하드 디스크의 일부분을 마치 메모리인 것처럼 사용하는 파티션이다.,Utility 프로그램을 저장하는데 사용되는 파티션이다.,3
3과목 NOS,"Windows 2000 Server의 네트워크 방식 중에서, 모든 계정과 자원을 특정 서버에서 관리하는 중앙 집중식 방식은?",도메인 방식,워크그룹 방식,분산 처리 방식,일괄 처리 방식,1
3과목 NOS,Linux의 기본 명령어들이 포함되어 있는 디렉터리는?,/dev,/lib,/bin,/etc,3
3과목 NOS,도스의 명령어 해석기는 command.com 이다. Linux의 명령어 해석기는?,Shell,Kernel,Utility Program,Hierarchical File System,1
3과목 NOS,SCSI ID 설정방법과 거리가 먼 것은?,SCSI ID라는 고유의 번호를 중복되지 않도록 지정해야함.,대부분 0번을 하드디스크가 사용함.,SCSI 컨트롤러는 보통 마지막 번호인 7번을 사용함.,"CD-ROM, CD-R 등의 속도가 빠른 기기를 뒤에 설치함.",4
3과목 NOS,"미러링이라고 하며, 최고의 성능과 최고의 고장대비 능력을 발휘하는 것은?",RAID 0,RAID 1,RAID 3,RAID 5,2
3과목 NOS,라우터에 대한 설명 중 틀린 것은?,네트워크상의 패킷을 전달하는 네트워크 디바이스이다.,OSI 7 Layer 중 Transport 층에 대응 된다.,"하드웨어에 따라 패킷을 다시 적절한 크기로 분할하거나, 또는 재조립하고 이들을 데이터 프레임의 형태로 캡슐화 하는 기능을 가지고 있다.",패킷 전달을 위해 최적의 경로를 결정한다.,2
3과목 NOS,다음 중 스위칭 허브(Switching Hub)에 관한 설명으로 맞는 것은?,LAN 속도가 저하된다.,여러 노드에서 동시에 통신을 시도하면 노드의 전송 속도가 떨어진다.,LAN이 보유한 대역폭을 PC의 대수만큼 나누어서 제공한다.,Port당 속도가 일정하게 보장된다.,4
1과목 TCP/IP,다음 중 TCP/IP 프로토콜 계층구조가 하위층에서 상위층으로 바르게 배열된 것은?,네트워크접속계층 - 전송계층 - 인터넷계층 - 응용계층,네트워크접속계층 - 인터넷계층 - 전송계층 - 응용계층,전송계층 - 인터넷계층 - 네트워크접속계층 - 응용계층,네트워크접속계층 - 인터넷계층 - 응용계층 - 전송계층,2
1과목 TCP/IP,일반적으로 메일을 보낼 때 사용하는 프로토콜은?,SMTP,IMAP,POP3,named,1
1과목 TCP/IP,23.94.34. IP Address 체계에서 가장 많은 네트워크를 수용할 수 있는 클래스는?,A Class,B Class,C Class,D Class5. IP Address의 부족을 해결하기 위해 제시된 것은? ① Subnetmask❷ IPv6 ③ Routing④ Supernet,3
1과목 TCP/IP,인터넷의 잘 알려진 포트번호로 맞지 않는 것은?,FTP - 21,SMTP - 25,POP3 - 110,TFTP - 68,4
1과목 TCP/IP,서브 네트워킹(Sub Networking)의 장점이라고 할 수 없는 것은?,여러 물리적 세그먼트에 대해 하나의 네트워크로 관리하여 이더넷과 토큰링과 같은 다른 기술을 적용할 수 있다.,IP Address의 네트워크 ID를 이용하므로 호스트 수가 확대되는 효과를 얻을 수 있다.,브로드캐스트를 줄여 네트워크의 혼잡을 줄이고 사용량을 관리할 수 있다.,각각의 세그먼트 마다 최대의 호스트를 사용할 수 있다.,2
1과목 TCP/IP,TCP/IP 망의 관리에 사용되는 프로토콜은?,SNMP,CMIP,SMTP,POP,1
1과목 TCP/IP,소규모 네트워크에 적합하며 라우팅을 지원하지 않아 대규모의 네트워크나 WAN에는 적합하지 않은 프로토콜은?,NetBEUI,TCP/IP,NWLink,DLC,1
1과목 TCP/IP,FTP의 약어 풀이로 맞는 것은?,File Transmission Protocol,File Transfer Program,File Transmission Program,File Transfer Protocol,4
1과목 TCP/IP,TCP/IP 프로토콜의 인터넷 계층에 대한 설명으로 잘못된 것은?,패킷을 전송할 경로를 제공한다.,흐름 제어 기능이 있다.,전달 계층으로부터의 세그먼트를 받아 인접한 네트워크가 요구하는 크기의 패킷으로 분할하여 전송한다.,OSI 7 Layer의 네트워크 계층에 대응된다.,2
1과목 TCP/IP,UDP에 대한 설명 중 올바른 것은?,응용 계층 프로토콜이다.,신뢰성 있는 전송을 제공한다.,연결 지향형 프로토콜이다.,비 연결성 데이터그램 서비스를 제공한다.,4
1과목 TCP/IP,IP Address를 하드웨어 주소로 매칭하는데 사용되는 것은?,ARP,RARP,WINS,DNS,1
1과목 TCP/IP,SNMP에 대한 설명 중 잘못된 것은?,UDP상에서 작동,비 동기식 요청/응답 메시지 프로토콜,"4가지 기능(Get, Get Next, Set, Trap)만을 수행",보안 기능이 강화,4
1과목 TCP/IP,인터넷에서 멀티캐스트를 위하여 사용되는 프로토콜은?,IGMP,ICMP,SMTP,DNS,1
1과목 TCP/IP,원격지의 호스트에 연결하여 접속하려 할 때 이용할 수 있는 서비스는?,SNMP,ICMP,FTP,Telnet,4
1과목 TCP/IP,DNS 레코드에 대한 설명으로 잘못된 것은?,A : DNS 이름과 호스트의 IP 주소를 연결한다.,CNAME : 이미 지정된 이름에 대한 별칭 도메인,AAAA : A 레코드와 같으나 처리 속도를 증가시켰다.,MX : 지정된 DNS 이름의 메일 교환 호스트에 메일 라우팅을 제공한다.,3
1과목 TCP/IP,4KHz의 음성신호를 PCM 전송을 할 때 사용하는 샘플링(Sampling) 주파수는?,2KHz,4KHz,8KHz,16KHz,3
1과목 TCP/IP,4위상 변조를 갖는 변조기가 2400baud의 변이가 일어날 때 속도는?,600bps,1200bps,4800bps,9600bps,3
2과목 네트워크 일반,패킷 교환망의 특징이 아닌 것은?,연결설정에 따라 가상회선과 데이터 그램으로 분류된다.,메시지를 보다 짧은 길이의 패킷으로 나누어 전송한다.,망에 유입되는 데이터의 양이 많아질수록 전송속도가 빠르다.,블록킹 현상이 없다.,3
2과목 네트워크 일반,다음은 IEEE 802규약이다. 잘못 짝지어진 것은?,IEEE 802.2 - LDAP,IEEE 802.3 - CSMA/CD,IEEE 802.4 - Token Bus,IEEE 802.5 - Token Ring,1
2과목 네트워크 일반,소규모의 지역이나 한 개의 빌딩에 적합한 네트워크는?,LAN,MAN,TAN,WAN,1
2과목 네트워크 일반,다음 중 VDSL에 대한 설명 중 잘못된 것은?,하향속도는 13 ~ 52Mbps정도임,상향속도는 1.6 ~ 640Kbps 정도임,최대전송거리는 300m ~ 1500m 정도임,"변조방식은 DMT, CAP방식을 사용함",2
2과목 네트워크 일반,광섬유(Fiber Optics) 케이블의 이점이 아닌 것은?,대역폭이 넓다.,잡음에 강하다.,설치 및 유지보수가 쉽다.,도청 및 보안에 강하다.,3
2과목 네트워크 일반,다음 중 동적인 불완전성의 원인이 아닌 것은?,백색 잡음 : 잡음 세력이 시간에 전혀 무작위한 진폭을 가짐.,하모닉 왜곡 : 신호의 감쇄가 신호의 진폭에 따라 달라지는 것을 말함.,에코우 : 전송선에서 임피던스의 변화가 있으면 약해진 신호가 송신측으로 되돌아옴.,충격성 잡음 : 전송시스템에 순간적으로 일어나는 높은 진폭의 잡음으로 주로 기계적인 충격에 의해 발생.,2
2과목 네트워크 일반,HDLC 프레임의 구성에서 제어필드의 용도를 설정하는 것과 맞지 않은 것은?,비용형식(C : Cost Pattern),정보형식(I : Information Pattern),감시형식(S : Supervisory Pattern),비번호 형식(U : Unnumbered Pattern),1
2과목 네트워크 일반,Windows 2000 Server의 DNS 서비스 중에서 해당서버의 팝업메뉴가 아닌 것은?,새 호스트,새 별칭,새 위임,새 로컬,4
2과목 네트워크 일반,Windows 2000 Server의 [컴퓨터 관리]-[시스템 도구]-[공유 폴더]의 하위 항목이 아닌 것은?,공유,세션,열린 파일,로컬 파일,4
2과목 네트워크 일반,다음 서버와 관련 있는 것은?,File Server,Printer Server,DNS Server,SQL Server,3
2과목 네트워크 일반,다음 중 Windows 2000 Server에서 FTP Server와 관련이 없는 것은?,TCP Port,IIS,Anonymous,Exchange Server,4
2과목 네트워크 일반,Windows 2000 Server의 [프로그램 추가/제거]-[Windows 구성요소 추가/제거]메뉴를 선택한 것을 캡쳐한 화면이다. FTP와 관련 있는 것은?,인증서 서비스,인터넷 정보 서비스(IIS),터미널 서비스,터미널 서비스 라이센스,2
2과목 네트워크 일반,다음 FTP 명령어 중 원격지 호스트의 작업 디렉터리에서 a로 시작하는 모든 파일을 지역 호스트의 작업 디렉터리에 복사하는 명령어는?,ftp> mput a*,ftp> mget a*,ftp> put a*,ftp> get a*,2
2과목 네트워크 일반,자동으로 호스트의 네트워크 환경을 설정할 수 있는 Windows 2000 Server의 서비스는?,IIS(Internet Information Services),FTP(File Transfer Protocol),DHCP(Dynamic Host Configuration Protocol),DNS(Domain Name System),3
3과목 NOS,사용자 계정이나 그룹을 이용하여 폴더에 NTFS 사용권한을 부여하는 경우 기본 NTFS 사용권한이 아닌 것은?,읽기 및 실행,읽기,암호 지정,폴더 내용 보기,3
3과목 NOS,Linux 시스템에서 현재 사용 디렉터리 위치에 상관없이 자신의 HOME Directory로 이동하는 명령은?,cd HOME,cd /HOME,cd ../HOME,cd ~,4
3과목 NOS,DHCP 관리자는 특정 IP 주소를 특정 호스트가 예약하여 사용하는 것을 허용한다. 예약 설정을 하기 위해서 필요한 항목은?,서브넷 마스크,DNS 주소,해당 호스트의 MAC Address,옵션 클래스,3
3과목 NOS,다음 중 Windows 2000 Server의 계정에 대한 설명이 틀린 것은?,Administrator계정은 사용자 계정과 그룹 계정을 만들거나 수정하고 보안 정책을 설정하는 권한을 갖는다.,Administrator계정은 다른 이름으로 변경할 수 있다.,Guest계정은 삭제가 가능하다.,Guest계정은 극히 제한적인 권한만 가지는 계정이다.,3
3과목 NOS,Netstat 명령이 제공하는 정보가 아닌 것은?,인터페이스의 구성 정보,커널의 경로 배정표,IP 패킷이 목적지에 도착하기 위해 방문하는 게이트웨이의 순서 정보,네트워크 인터페이스의 상태 정보,3
3과목 NOS,Linux 에서 부팅디스켓을 만들 경우 사용하는 명령어는?,dd,dc,ls,su,1
3과목 NOS,Windows 2000 Server에서 TCP/IP가 정확히 설치되었는지 확인하는 방법으로 올바르지 않은 것은?,ipconfig /all,ping 127.0.0.1,ping 게이트웨이 IP,ipconfig /renew,4
3과목 NOS,Windows 2000 Server에서 원격 설치 서비스를 구성하기 위하여 원격설치서버 상에 구현이 되어 있어야 하는 네트워크 서비스가 아닌 것은?,DNS 서비스,DHCP 서비스,Active Directory 서비스,SMTP 서비스,4
3과목 NOS,Linux 에 대한 일반적인 설명으로 틀린 것은?,1991년에 최초로 개발된 UNIX 호환 운영체제이다.,서버용으로만 개발된 운영체제이다.,소스가 공개되어 있으므로 해커나 프로그래머들에 의해 언제나 수정 보완된다.,"멀티유저, 멀티태스킹을 지원하는 운영체제이다.",2
3과목 NOS,루핑(Looping) 현상을 방지할 수 있는 네트워크 경로 설정 방법은?,플러딩(Flooding) 기능의 사용,포워딩(Forwarding) 기능의 사용,필터링(Filtering) 기능의 사용,스패닝 트리(Spanning Tree) 기능의 사용,4
3과목 NOS,네트워크 트래픽을 해소하기 위한 기법의 하나로써 허브와 허브를 연결하는 방식 가운데 대역폭(Bandwidth)을 넓힐 수 있는 연결방식은?,Port Trunk,VLAN,LAN to LAN,VIP,1
3과목 NOS,Bridge의 단점을 보완하고 경로배정의 기능이 있는 네트워크 계층과 관련 있는 인터넷 연동 장치는?,Hub,Repeater,Gateway,Router,4
3과목 NOS,다음 중 광섬유(Fiber Optics)의 설명과 거리가 먼 것은?,"광섬유는 매우 가는 유리섬유를 이용해 정보를 보내는 것으로, 넓은 대역폭을 가지며 전송속도가 매우 높고 오류가 적다.",전기적인 간섭을 받지 않는다.,네트워크 보안성이 크다는 장점이 있다.,케이블의 크기가 상대적으로 작고 가볍기 때문에 설치가 쉽다.,4
1과목 TCP/IP,IP의 체크섬(Checksum)에 대한 설명으로 올바른 것은?,IP Header의 완전성을 검사한다.,IP Header와 데이터의 완전성을 검사한다.,데이터의 완전성을 검사한다.,IP Header의 크기는 8bit이다.,1
1과목 TCP/IP,다음 중 ARP Cache가 갱신되는 경우로 타당하지 않은 것은?,RARP Request를 보낸 경우,새로운 네트워크 하드웨어가 추가된 경우,새로운 IP Address가 재 할당된 경우,중복된 IP Address가 할당된 경우,1
1과목 TCP/IP,다음 중 서브넷 마스크(Subnet Mask)에 대한 설명으로 옳지 않은 것은?,"서브넷 마스크를 이용하면, 트래픽 관리 및 제어가 가능하다.",서브넷 마스크는 목적지 호스트의 IP Address가 동일 네트워크 상에 있는지 확인한다.,하나의 네트워크 클래스를 여러 개의 네트워크로 분리하여 IP Address를 효율적으로 사용할 수 있다.,"서브넷 마스크는 클래스 A, B, C의 IP Address는 항상 같은 서브넷 마스크를 사용한다.",4
1과목 TCP/IP,라우팅 테이블에 포함되어 있는 정보로 옳지 않은 것은?,송신지 IP Address,다음-홉(Hop) 라우터,목적지 IP Address,인터페이스,1
1과목 TCP/IP,RIP 프로토콜의 일반적인 특징을 기술한 것으로 옳지 않은 것은?,RIP 메시지는 전송계층의 UDP 데이터그램에 의해 운반된다.,각 라우터는 이웃 라우터들로부터 수신한 정보를 이용하여 경로 배정표를 갱신한다.,멀티캐스팅을 지원한다.,네트워크의 상황 변화에 신속하게 대처하지 못한다.,3
1과목 TCP/IP,다음 중 도메인 네임으로 IP Address를 조회할 수 있는 명령은?,finger,nslookup,netstat,telnet,2
1과목 TCP/IP,TCP/IP 응용 계층에서 지원하지 않는 프로토콜은?,SMTP(Simple Mail Transfer Protocol),IGMP(Internet Group Management Protocol),NFS(Network File System),SNMP(Simple Network Management Protocol),2
1과목 TCP/IP,다음 중 ARP Cache를 지우는 명령어는?,arp -l,arp -d,arp -a,arp -s,2
1과목 TCP/IP,ICMP의 Message Type 필드 번호와 유형이 잘못 연결된 것 은?,0 - Echo Reply,8 - Echo Request,12 - Timestamp Request,17 - Address Mask Request,3
1과목 TCP/IP,"호스트 컴퓨터 aaa.bbb.ccc에 텔넷으로 접속하기 위해 ""telnet aaa.bbb.ccc : 9999""라고 명령을 입력한 경우 9999가 뜻하는 것은?",사용자 번호,네트워크 주소,포트 번호,IP 주소,3
1과목 TCP/IP,"인터넷의 WWW에서 하이퍼미디어, 하이퍼텍스트를 통한 클라이언트와 서버간의 통신에 이용되는 TCP/IP 응용 프로토콜은?",FTP,SNMP,HTTP,SMTP,3
1과목 TCP/IP,원격 파일전송 서비스에서 등록되어 있지 않는 익명의 일반 사용자를 위한 계정은?,FTP,Anonymous,Everyone,Guests,2
1과목 TCP/IP,SMTP에 대한 설명 중 가장 옳지 않은 것은?,메일전송 프로토콜이다.,FTP와의 차이는 처리가 모두 하나의 커넥션으로 실행된다.,110번 포트를 이용한다.,전자메일 관리자를 따로 지정할 수 있다.,3
1과목 TCP/IP,다음 중 SNMP의 설명으로 옳지 않은 것은?,SNMP는 주기적으로 폴링(Polling)하여 네트워크 상태 정보를 수집하고 분석하는 기능을 제공한다.,네트워크 확장을 용이하게 해준다.,SNMP는 TCP 세션을 이용한다.,Polling Overhead가 크다.,3
1과목 TCP/IP,TCP/IP 프로토콜에 대한 설명으로 옳지 않은 것은?,계층적 모델에 따라서 구현된 프로토콜이다.,LAN 환경에서만 사용할 수 있는 제한된 프로토콜이다.,비용이 무료인 개방형 표준이다.,인터넷 환경의 표준 프로토콜이다.,2
1과목 TCP/IP,DHCP에 관한 설명으로 옳지 않은 것은?,중앙에서 IP Address를 관리하고 개별 클라이언트들에게 자동으로 할당한다.,IP Address가 없는 경우에도 인터넷에 접속이 가능하게 해준다.,DHCP는 호스트 이동시에 자동으로 새로운 IP Address를 할당할 수 있다.,임의 주소를 할당하는 경우에는 주소 재사용이 가능하다.,2
1과목 TCP/IP,데이터 통신망에서 사용되는 전송 속도 단위로서 초간에 운반할 수 있는 데이터의 비트 수의 단위는?,byte,bps,throughput,band,2
1과목 TCP/IP,여러 사용자들이 동시에 채널을 나누어 사용할 수 있도록 하는 방법은?,인코딩(Encoding),멀티 플렉싱(Multi Plexing),디코딩(Decoding),시분할(Time Sharing),2
1과목 TCP/IP,"어떤 전송시스템의 전송신호의 주파수는 최소 2KHz에서 최대 10KHz일 때, 이 신호를 손실 없이 디지털화 하기 위한 표본추출 수는?","2,000","4,000","8,000","16,000",4
1과목 TCP/IP,다음 중 데이터 흐름제어(Flow Control)와 전혀 무관한 것은?,ARQ,XON/OFF,Loop/Echo,Sliding Window,3
1과목 TCP/IP,데이터통신망에서 정보를 교환하는 방식으로 옳지 않은 것은?,회선 교환(Circuit Switching),메시지 교환(Message Switching),망 교환(Network Switching),패킷 교환(Packet Switching),3
1과목 TCP/IP,다음 중 TCP/IP와 OSI 7 Layer의 비교로서 옳지 않은 것은?,TCP 프로토콜은 OSI 7 Layer의 전송계층에 해당한다.,IP 프로토콜은 OSI 7 Layer의 네트워크 계층에 해당한다.,파일전송 프로토콜인 FTP는 OSI 7 Layer의 응용계층에 해당한다.,HTTP 프로토콜은 OSI 7 Layer의 표현계층에 해당한다.,4
1과목 TCP/IP,Ethernet에 대한 설명 중 올바른 것은?,IEEE 801.2에 표준으로 정의되어 있다.,케이블 길이에 제한이 없다.,"10MB/sec를 전송하며, 광전송 선로보다 가격이 고가이고, 설치 시 고도의 기술이 필요하다.",CSMA/CD 프로토콜을 이용한다.,4
1과목 TCP/IP,프로토콜 계층구조상의 기본 구성요소로 옳지 않은 것은?,개체(Entity),접속(Connection),데이터 단위(Data Unit),구문(Syntax),4
1과목 TCP/IP,다음 중 일반적으로 Finger를 통해 알 수 있는 정보로 옳지 않은 것은?,해당 사용자의 비밀번호,해당 사용자가 계정 등록 때 사용한 이름,해당 사용자가 메일을 보았는지 확인,해당 사용자가 호스트에 접속하기 위해 사용한 컴퓨터의 IP Address,1
1과목 TCP/IP,다음 중 고속 Ethernet의 액세스 방식에 해당되는 것은?,ALOHA,CSMA/CD,Token Bus,Token Ring,2
1과목 TCP/IP,Windows 2000 Server에서 프린터를 공유하여 같이 사용할 때 프린트를 요청했지만 프린트가 되지 않고 작업을 지울 수도 없을 때 문제를 해결하기 위해 이용하는 서비스는?,Printer Job Service,Directory Service,Spooler Service,Printer Request Service,3
1과목 TCP/IP,Windows 2000 Server에서 웹 서비스 및 FTP 서비스를 하려고할 때 먼저 설치되어야 하는 것은?,DNS Server,IIS Web Server,Exchange Server,Active Directory,2
1과목 TCP/IP,Windows 2000 Server에서 여러 사용자 계정을 만들 경우 홈 디렉터리로 지정할 최종 경로에서 사용자 이름대신 사용하는 시스템 변수는?,%username%,%userdomain%,%homeshare%,%homedrive%,1
1과목 TCP/IP,DNS(Domain Name System)서버를 처음 설치하면서 가장 먼저 만들어야 하는 데이터베이스 레코드는?,CNAME,HINFO(Host Information),PTR(Pointer),SOA(Start Of Authority),4
1과목 TCP/IP,익명의 사용자가 회사 FTP 사이트의 특정 디렉터리에 파일을 업로드 할 수 있도록 하기 위해서 적용할 사용 권한은?,특정 디렉터리에 읽기 사용권한을 부여한다.,특정 디렉터리에 쓰기 사용권한을 부여한다.,UNIX 디렉터리 리스트 형식을 사용하여 FTP 사이트를 구성한다.,MS-DOS 디렉터리 리스트 형식을 사용하여 FTP 사이트를 구성한다.,2
1과목 TCP/IP,"SQL Server를 관리하는데 있어서 편리한 사용자 인터페이스를 제공하는 툴(Tool)로, 트랜잭트(Transacted) SQL 문을 모르더라도 데이터베이스나 테이블을 생성하는 작업을 손쉽게 할 수 있으며, 데이터베이스 백업 및 복구 작업을 할 수 있는 것은?",프로파일러(Profiler),서비스 매니저,엔터프라이즈 매니저,쿼리 분석기,3
1과목 TCP/IP,DHCP 관리자는 특정 IP Address를 특정 호스트가 예약하여 사용하는 것을 허용한다. 예약 설정을 하기 위해서 필요한 항목은?,서브넷 마스크,DNS 주소,해당 호스트의 MAC Address,옵션 클래스,3
3과목 NOS,Windows 2000 Server에서 Active Directory는 모든 네트워크 자원들에 대한 중앙 집중적인 관리를 지원한다. 그러므로 사용자는 단 한 번의 로그온으로 네트워크상의 어떠한 자원들이라도 액세스 할 수 있다. 이때 Active Directory 설치 마법사 실행 파일은?,sendmail.exe,dcpromo.exe,apache.exe,explorer.exe,2
3과목 NOS,Windows 2000 Server 설치 시에 기본적으로 설정되는 그룹이 아닌 것은?,Administrators,Users,Guests,Operators,4
3과목 NOS,NTFS에 대한 설명으로 옳지 않은 것은?,NTFS는 Windows 2000 Server 시스템에서 가장 효율적인 파일 시스템으로 대부분의 운영체제에서 호환성을 가진다.,"FAT, HPSF 파일 시스템 보다 더 큰 파일과 파티션 사이즈를 지원한다.",FAT와 비교해 볼 때 파일과 디렉터리 단위의 보안을 설정할 수 있는 이점이 있다.,파일과 디렉터리의 압축과 POSIX 요구사항을 지원한다.,1
3과목 NOS,FAT와 NTFS에 대한 설명 중 옳지 않은 것은?,FAT는 자체적인 압축 기능을 지원한다.,FAT 파일시스템은 기본적으로 일반적인 PC 사용자들을 위한 목적으로 설계되었다.,FAT 파일시스템은 기본적인 파일의 기록과 불러오기 기능 등으로만 구성된다.,NTFS 파일시스템은 file에 보안을 설정할 수 있다.,1
3과목 NOS,Windows 2000 Server의 인증 프로토콜끼리 짝지어진 것은?,"L2TP, CHAP","EAP, MS-CHAP","CHAP, PPTP","MS-CHAP, L2TP",2
3과목 NOS,조직 내에 극도의 보안을 요구하는 팀이 한시적으로 결성되어 이들에 대해서는 패스워드를 일주일에 한 번씩 변경하게 하려고 한다. 어떤 단위로 이들을 묶는 것이 가장 적절한가?,Administrator 그룹,OU(Organization Unit),도메인(Domain),포리스트(Forest),2
3과목 NOS,IIS를 설치할 경우 가능한 서비스가 아닌 것은?,DHCP 서비스,Web 서비스,FTP 서비스,SMTP 서비스,1
3과목 NOS,Linux 시스템에 설치된 입출력 장치들과 마운트 될 파일시스템의 마운트 포인터가 위치하는 디렉터리는?,/dev,/lib,/root,/mnt,4
3과목 NOS,다음 중 Linux에서 DNS 서버의 설정과 관련된 파일은 ?,/etc/named.conf,/etc/dns.conf,/etc/dns/named.conf,/etc/dns/dns.conf,1
3과목 NOS,Linux를 설치하고 부팅 하였더니 li 메시지만 나오고 시스템이 멈추었다. 이때 LILO를 삭제하는 방법은?,파티션을 제거한다.,fdisk /mbr 명령어를 사용하여 부트 레코드를 제거한다.,format 명령어를 사용하여 하드디스크를 포맷한다.,del 명령어로 lilo를 삭제한다.,2
3과목 NOS,다음 중 네트워크 어댑터 카드(NIC)에 대한 설명으로 옳지 않은 것은?,OSI 참조 모델 중 4 계층 장비이다.,케이블을 통해 데이터 전송을 하기 위한 장치이다.,병렬 데이터를 받아 직렬로 전송한다.,고유한 네트워크 어드레스인 MAC 어드레스가 있다.,1
3과목 NOS,라우터(Router)에 대한 설명으로 올바른 것은?,물리적인 주소를 참조하여 데이터 패킷을 Forwarding 한다.,네트워크 세그먼트의 길이를 확장하여 하나의 충돌영역을 갖는다.,신호나 커넥터의 연결 형태를 다른 형태로 바꾸어 주는 장비이다.,패킷 전송 시 논리적인 주소인 IP Address를 기초로 하고 OSI 참조모델 중 3 계층 장비이다.,4
3과목 NOS,"다음 네트워크 장치 중 서로 다른 프로토콜을 가진 두 시스템 간을 연결시키며, OSI 참조모델의 모든 계층에서 동작하는 장치는?",Gateway,Router,Bridge,Repeater,1
3과목 NOS,T-1 회선에 사용되는 프레임은 보통 각각 8bit로 된 24 Channel과 여분의 1비트로 구성된다. 이러한 T-1 회선이 초당 나눌 수 있는 프레임의 개수는?,300,"1,600","8,000","24,000",3
1과목 TCP/IP,NIC(Network Interface Card)에 대한 설명으로 옳지 않은 것은?,"NIC는 이더넷, 토큰링, FDDI와 같은 네트워크 형태에 따라 설계된 어댑터이다.",OSI 7 Layer 중 전송(Transport) 계층에서 사용된다.,LAN 카드라 불리고 컴퓨터 내에 설치되는 확장카드이다.,다른 인터페이스와 충돌이 있을 시 I/O주소를 맞춰주어야 한다.,2
1과목 TCP/IP,다음 중 TCP/IP 응용계층 프로토콜로 옳지 않은 것은?,HTTP,FTP,SMTP,ARP,4
1과목 TCP/IP,호스트의 IP Address `50.221.100.5'에 해당하는 네트워크의 Class는?,A Class,B Class,C Class,D Class,1
1과목 TCP/IP,호스트 어드레스와 네트워크 어드레스를 구분하게 하는 것으로 어드레스제어를 쉽게 할 수 있게 하는 방법은?,Interface,Hop Count,Default Gateway,Subnet Mask,4
1과목 TCP/IP,IP Header의 내용 중 TTL(Time To Live)의 기능을 설명한 것 중 옳지 않은 것은?,IP 패킷은 네트워크상에서 영원히 존재할 수 있다.,"라우터는 패킷의 도착시간을 기록, 처리 한 만큼 초단위로 1씩 감소한다.",라우터는 패킷의 헤더를 처리할 때마다 1씩 감소시킨다.,IP 패킷이 네트워크상에서 얼마동안 존재 할 수 있는 가를 나타낸다.,1
1과목 TCP/IP,"OSI 7 Layer의 전송(Transport) 계층에 속하며, 사용자에게 신뢰할 수 있는 데이터 전송을 지원하는 인터넷 프로토콜은?",IP,TCP,UDP,RARP,2
1과목 TCP/IP,UDP 헤더 구조에 대한 설명으로 가장 옳지 않은 것은?,Source Port - 송신지 주소를 나타내는 필드,Destination Port - 선택적 필드로 사용하지 않을 때는 ZERO로 채워지는 필드,Checksum - 오류 검출을 위한 필드,Length - UDP 데이터 그램의 길이를 나타내는 필드,2
1과목 TCP/IP,ARP와 RARP에 대한 설명으로 옳지 않은 것은?,RARP는 브로드캐스팅을 통해 해당 네트워크 주소에 대응하는 하드웨어의 물리적 주소를 얻는다.,RARP는 로컬 디스크가 없는 네트워크상에 연결된 시스템에 사용된다.,ARP를 이용하여 중복된 IP Address 할당을 찾아낸다.,ARP와 RARP는 IP Address와 이더넷(Ethernet) 주소를 Mapping하는데 관여한다.,1
1과목 TCP/IP,ICMP의 Message Type 필드의 유형과 질의 메시지 내용이 잘못 연결된 것은?,0 - Echo Reply : 질의 메시지에 응답하는데 사용된다.,5 - Echo Request : 네트워크상에서 두 개 이상 장비의 기본 연결을 검사하기 위해 사용된다.,13 - Timestamp Request : 호스트 간의 동기를 맞추고 성능을 평가하기 위해 사용된다.,17 - Address Mask Request : 장비의 서브넷 마스크를 요구하는데 사용된다.,2
1과목 TCP/IP,TCP/IP 프로토콜 중에서 IP 계층의 한 부분으로 에러 메시지와 같은 상태 정보를 알려주는 프로토콜은?,ICMP(Internet Control Message Protocol),ARP(Address Resolution Protocol),RARP(Reverse Address Resolution Protocol),UDP(User Datagram Protocol),1
1과목 TCP/IP,다음 중 NetBIOS 이름을 IP Address로 사상(Alias)하기 위해 사용되는 것은?,DHCP,DNS,TCP/IP,WINS,4
1과목 TCP/IP,Telnet 접속 방법으로 옳지 않은 것은?,Telnet 도메인 이름,Telnet 포트 번호,Telnet 서버 이름,Telnet IP_Address,2
1과목 TCP/IP,URL에 대한 설명 중 옳지 않은 것은?,URL은 인터넷상의 정보 위치를 나타내기 위한 방법으로서 인터넷의 모든 자원 및 서비스에 대해 사용되는 표준 명명 규칙이다.,"URL의 구성은 프로토콜, 호스트 명, 도메인 명, 디렉터리 이름, 파일 이름순으로 구성되며 [protocol://host.domain /directory/file] 형식으로 표현될 수 있다.",URL은 지정된 컴퓨터를 식별하기 위해 사용되는 것으로서 전 세계적으로 유일한 이름을 가질 뿐만 아니라 하나의 도메인 이름은 오직 하나의 호스트와 대응할 수 있다.,"URL에 참여할 수 있는 프로토콜들로는 HTTP를 비롯, FTP, Telnet 등을 이용할 수 있다.",3
1과목 TCP/IP,"다음 프로토콜 중에서 하이퍼미디어, 하이퍼텍스트를 통한 클라이언트와 서버간의 통신에 이용되는 것은?",SMTP,HTTP,POP3,SNMP,2
1과목 TCP/IP,FTP에 관한 설명으로 가장 옳은 것은?,서로 다른 컴퓨터 사이의 파일 전송서비스를 제공한다.,서버에 어떤 파일이 있는지를 조사하는데 활용된다.,어떤 그룹의 방대한 문서 정보를 정확하고 신속하게 검색하는데 이용된다.,하이퍼텍스트 형식으로 정보를 공유하기 위한 시스템이다.,1
1과목 TCP/IP,TCP/IP 계층 모델 중 인터넷 계층에 속하는 것으로 멀티캐스트 그룹멤버 관리와 관련된 역할을 수행하는 프로토콜은?,ARP,ICMP,IGMP,IP,3
1과목 TCP/IP,Digital 전송의 특징으로 옳지 않은 것은?,데이터 전송 시 Digital 신호를 이용한다.,신호 재생성기로 증폭기(Amplifier)를 이용한다.,Analog 전송보다 에러 확률을 감소시킬 수 있다.,리피터(Repeater)를 거치더라도 잡음까지 신호를 재생성 하지 않는다.,2
1과목 TCP/IP,다음 설명에 해당하는 전송방식은?,비동기전송방식,보조동기방식,혼합동기방식,동기식전송방식,4
1과목 TCP/IP,일반적으로 PC에서 TCP/IP 망을 구성하는데 필요한 항목으로 가장 옳지 않은 것은?,IPX/SPX 주소,IP Address,DNS 서버 주소,서브넷 마스크,1
1과목 TCP/IP,메일 서비스와 가장 관계가 먼 프로토콜은?,SMTP,FTP,POP3,MIME,2
1과목 TCP/IP,"네트워크의 관리 및 네트워크의 장치와 그들의 동작을 감시, 관리하는 프로토콜은?",SMTP,SNMP,SIP,SDP,2
1과목 TCP/IP,"다음의 망 연동 장치 중 네트워크 계층에서 사용하며, 여러 개의 서브네트워크를 연결할 때 사용하는 것은?",Bridge,Router,Repeater,Gateway,2
1과목 TCP/IP,"송신측에서 여러 개의 터미널이 하나의 통신 회선을 통하여 신호를 전송하고, 전송된 신호를 수신측에서 다시 여러 개의 신호로 분리하는 것은?",다중화 장치(Multiplexing),변복조기(MODEM),디지털 서비스 유닛(DSU),코덱(CODEC),1
1과목 TCP/IP,전송계층에서 동작하는 프로토콜들만으로 구성된 것은?,"IP, TCP, NetBEUI, IPX","IP, TCP","TCP, UDP","NetBEUI, IP",3
1과목 TCP/IP,IEEE 표준안 중 Ethernet에 관한 표준안은?,IEEE 802.3,IEEE 802.4,IEEE 802.5,IEEE 802.6,1
1과목 TCP/IP,"통신을 원하는 두 실체(Entity) 간에 무엇을, 어떻게 언제 통신할 것인가에 대해 서로 약속한 일련의 절차나 규범의 집합은?",Program,Process,Interface,Protocol,4
1과목 TCP/IP,네트워크 인터페이스가 내장된 프린터 디바이스의 사용으로 관계가 없는 것은?,네트워크 인터페이스 프린터 디바이스는 네트워크에 직접 연결되므로 IP Address가 할당된다.,표준(Standard) TCP/IP 프린터 포트를 추가하여 사용 할 수 있다.,네트워크에 연결되어 있으므로 여러 사용자가 공유하기 쉽다.,네트워크 인터페이스 프린터 디바이스의 포트 이름은 URL 방식으로 입력한다.,4
1과목 TCP/IP,IIS(인터넷 정보 서비스)에서 작업할 수 있는 서비스로 옳지 않은 것은?,FTP(File Transfer Protocol),DHCP(Dynamic Host Configuration Protocol),NNTP(Network News Transfer Protocol),SMTP(Simple Mail Transfer Protocol),2
1과목 TCP/IP,IIS 웹 서버의 설정 중 하루에 평균적으로 방문하는 사용자 수를 설정하기 위해 사용하는 탭은?,성능 탭,문서 탭,웹 사이트 탭,홈 디렉터리 탭,1
1과목 TCP/IP,다음 중 DNS 서버 종류로 옳지 않은 것은?,주 네임 서버(Primary Name Server),보조 네임 서버(Secondary Name Server,마스터 네임 서버(Master Name Server),슬레이브 네임 서버(Slave Name Server),4
1과목 TCP/IP,FTP 서버 운영자가 본인이 관리하는 FTP 서버의 세션 관리 중에서 할 수 없는 것은?,FTP 사용자 세션 보기,다운로드 할 수 있는 파일의 형식 제한,접속된 사용자의 연결 시간제한,FTP 사용자 세션 연결 끊기,2
1과목 TCP/IP,"네트워크 관리자인 당신은 보안상의 이유로 FTP 서버의 기본 포트를 변경하려고 한다. 당신의 네트워크 서버에는 메일서버와 함께 웹 서버, FTP 서버도 같이 있다. 다음 중 사용가능한 포트 번호는?",25,110,81,21,3
3과목 NOS,DHCP 서버에 대한 설명으로 맞는 것은?,도메인 이름을 IP Address로 변환 하는 일을 담당하는 서버이다.,서로 다른 서브넷(Subnet)을 연결하는 역할을 담당한다.,특정 시점의 네트워크에 연결된 컴퓨터에 동적으로 IP Address를 할당한다.,원하는 파일을 찾아 전송하는 역할을 담당한다.,3
3과목 NOS,Active Directory의 논리적 구조가 아닌 것은?,Domain,Tree,Forest,Graph,4
3과목 NOS,Windows 2000 Server의 설치 시에 기본적으로 설치되는 것은?,SNMP,TCP/IP,DNS,FTP,2
3과목 NOS,"시스템 인터페이스 정보를 출력하면서 송수신 패킷 수 및 오류수 충돌횟수, 현재 출력 큐에 대기 중인 패킷 등에 관한 정보를 제공하는 것은?",ARP,Netstat,Filter,ICMP,2
3과목 NOS,파티션을 FAT에서 NTFS로 변환하는 명령은?,convert C: /FS:FAT,convert C: /NTFS:FAT,convert C: /FAT:NTFS,convert C: /FS:NTFS,4
3과목 NOS,한 개의 시스템 C 드라이브에 Windows 2000 Server와 Windows 98로 멀티부팅을 사용하기 위한 시스템 설정으로 가장 올바른 것은?,하드디스크의 주 파티션을 FAT로 포맷한다.,하드디스크의 주 파티션을 NTFS로 포맷한다.,"Windows 2000 Server는 NTFS로, Windows 98은 FAT로 포맷한다.",파일 시스템에 상관없이 Windows 2000 Server는 주 파티션에 Windows 98은 확장 파티션에 설치한다.,1
3과목 NOS,Windows 2000 Server의 계정에 대한 설명으로 잘못된 것은?,"내장 사용자 계정, 로컬 사용자 계정, 도메인 사용자 계정으로 구분된다.",로컬 사용자 계정은 로컬 컴퓨터로 로그 온 하기 위해 생성된 계정이다.,삭제된 로컬 사용자 계정은 같은 ID로 등록하면 이전과 동일한 사용자로 인식한다.,내장 사용자 계정은 Windows 2000 Server 설치 시에 자동으로 생성된 계정이다.,3
3과목 NOS,사용자의 명령어를 Kernel에 전달해주는 역할을 하는 것은?,System Program,Loader,Shell,Directory,3
3과목 NOS,다른 운영체제와 Linux가 공존하는 하나의 시스템에서 멀티 부팅을 지원할 때 사용되며 Linux 로더를 의미하는 것은?,MBR,RAS,NetBEUI,LILO,4
3과목 NOS,특정한 파일을 찾고자 할 때 사용하는 Linux 명령어는?,mv,cp,find,file,3
3과목 NOS,Linux에서 /home 디렉터리 밑에 icqa라는 하위 디렉터리를 생성하고자 할 때 올바르게 사용된 명령어는?,ls /home/icqa,cd /home/icqa,rmdir /home/icqa,mkdir /home/icqa,4
3과목 NOS,루핑(Looping) 현상을 방지할 수 있는 네트워크 경로 설정 방법은?,플러딩(Flooding) 기능의 사용,포워딩(Forwarding) 기능의 사용,필터링(Filtering) 기능의 사용,스패닝 트리(Spanning Tree) 기능의 사용,4
3과목 NOS,네트워크 트래픽을 해소하기 위한 기법의 하나로써 허브와 허브를 연결하는 방식 가운데 대역폭(Bandwidth)을 넓힐 수 있는 연결방식은?,Port Trunk,VLAN,LAN to LAN,VIP,1
3과목 NOS,버스형 또는 데이지 체인형 네트워크의 종단에 부착하는 장치로서 신호를 흡수함으로써 다시 반향 되지 않도록 하는 것은?,Repeater,Router,Bridge,Terminator,4
3과목 NOS,광섬유의 특성 중 옳지 않은 것은?,광대역 전송이 가능하다.,손실률이 높다.,간섭에 강하다.,도청이 어렵다.,2
1과목 TCP/IP,호스트의 IP Address가 “200.221.100.5”을 갖는다면 어떤 Class에 속하는가?,A Class,B Class,C Class,D Class,3
1과목 TCP/IP,패킷 전송의 최적 경로를 위해 다른 라우터들로부터 정보를 수집하여 라우팅 테이블에 저장하게 된다. 이때 사용되지 않는 프로토콜은?,RIP,OSPF,SMTP,EGP,3
1과목 TCP/IP,서브넷 마스크에 대한 설명으로 옳지 않은 것은?,IP Address 체계에서 Network ID와 Host ID로 구분한다.,목적지 호스트가 동일한 네트워크상에 있는 지 확인한다.,필요한 서브넷의 수를 결정하여 세팅한다.,서브넷 마스크는 Network ID 필드는 0으로 Host ID의 필드는 1로 채운다.,4
1과목 TCP/IP,TCP/IP 인터네트워킹 구조에서 라우터가 포함할 수 있는 계층으로 옳지 않은 것은?,물리계층,링크계층,네트워크계층,응용계층,4
1과목 TCP/IP,IP 프로토콜의 기능으로 옳지 않은 것은?,한 메시지가 여러 개의 패킷들로 나뉜 경우 각 패킷은 필요에 따라 서로 다른 경로를 통해 보내 질 수 있다.,수신측에서는 도착한 IP 패킷의 에러여부를 검사하며 에러가 발생한 경우 재전송을 통하여 에러를 회복한다.,하나의 사용자 데이터가 너무 큰 경우는 여러 개의 IP 패킷으로 나누어져 전송될 수 있다.,"한 메시지를 여러 패킷으로 나눈 경우 패킷들은 보낸 순서와 다른 순서로 도착될 수 있으며, IP는 배달만 할뿐 흐트러진 순서를 재 정렬하지 않는다.",2
1과목 TCP/IP,IP Address에 대한 설명 중 옳지 않은 것은?,IP Address는 40bit로 구성되어 있다.,Network Address와 Host Address로 이루어진다.,IP Address의 효율적인 사용을 위해 한 개의 주소를 여러 개의 주소로 나누어서 사용하는 Subnet Mask가 이용된다.,IP Address 부족으로 IPv6가 도입되고 있다.,1
1과목 TCP/IP,TCP를 직접 이용하는 응용 프로그램으로만 묶인 것은?,"TFTP(Trivial FTP), FTP","DNS(Domain Name System), Telnet","Ping, BOOTP","Telnet, SMTP",4
1과목 TCP/IP,목적지 시스템의 32bit IP Address에 대응되는 48bit의 하드웨어 네트워크 주소를 제공하는 프로토콜은?,ARP,FTP,Netstat,NAT,1
1과목 TCP/IP,TCP/IP 프로토콜 중 같은 계층에서 동작하지 않는 것은?,SMTP,RARP,ICMP,IGMP,1
1과목 TCP/IP,망 내 교환 장비들이 오류 상황에 대한 보고를 할 수 있게 하고. 예상하지 못한 상황이 발생한 경우 이를 알릴 수 있도록 지원하는 프로토콜은?,ARP,RARP,ICMP,RIP,3
1과목 TCP/IP,"OSI 모델에서 볼 때 세션계층과 트랜스포트계층에 해당하는 계층으로, 도착하고자 하는 시스템까지 데이터를 전송하는 역할을 가진 TCP/IP 프로토콜 계층은?",전송계층,인터넷계층,응용계층,네트워크접속계층,1
1과목 TCP/IP,단말기 사용자나 클라이언트가 네트워크를 통해 원격 접속하여 마치 바로 옆에 있는 컴퓨터처럼 자유롭게 사용할 수 있도록 해 주는 프로토콜은?,FTP,Telnet,ARP,Anonymous FTP,2
1과목 TCP/IP,TCP/IP의 응용계층 프로토콜에 해당하는 것은?,전송계층을 담당하는 TCP(Transmission Control Protocol),네트워크계층을 담당하는 IP(Internet Protocol),전송계층을 담당하는 UDP(User Datagram Protocol),웹 검색을 가능하게 하는 HTTP(Hyper Text Transfer Protocol),4
1과목 TCP/IP,"하나의 서버는 서로 다른 서비스를 제공하고 있으며, 이 서비스는 포트라고 불리는 서로 다른 문을 통하여 제공된다. 다음은 서버가 일반적으로 사용하는 포트 번호를 나타내고 있다. 서비스에 따른 포트번호가 잘못 짝지어진 것은?",HTTP - 81,FTP - 21,Telnet - 23,SMTP - 25,1
1과목 TCP/IP,인터넷의 도메인 네임(Domain Name)의 설명 중 옳지 않은 것은?,"도메인 네임은 숫자, 영문자 또는 숫자와 영문자의 조합으로 표현할 수 있다.",도메인 네임의 길이는 최대 256자까지 가능하다.,"도메인 네임에 언더바(_), 대시(-) 기호를 사용할 수 있다.",최상위 도메인은 일반 도메인과 국가 도메인으로 구성된다.,3
1과목 TCP/IP,Domain Name을 IP Address로 변환하는 것은?,ARP,DHCP,RARP,DNS,4
1과목 TCP/IP,네트워크 관리를 위한 프로토콜은?,SMTP,SLIP,FTP,SNMP,4
2과목 네트워크 일반,인터페이스의 주요 특성으로 옳지 않은 것은?,기계적(Mechanical) 특성,전기적(Electrical) 특성,기능적(Functional) 특성,화학적(Chemical) 특성,4
2과목 네트워크 일반,병렬통신(Parallel Communication)과 비교하여 직렬통신 (Serial Communication)의 특징으로 옳지 않은 것은?,데이터를 순차적으로 전송한다.,경제적이며 원거리 통신에 적합하다.,전송속도가 느리다.,컴퓨터와 주변기기 사이의 데이터 전송에 사용된다.,4
2과목 네트워크 일반,공중 통신 사업자로부터 통신 회선을 임대하여 컴퓨터를 접속시킨 후 이 컴퓨터가 갖고 있는 정보를 여러 사용자에게 재판매하는 통신 서비스 시스템은?,VAN(Value Added Network),LAN(Local Area Network),INS(Information Network System),ISDN(Integrated Service Digital Network),1
2과목 네트워크 일반,다중화의 방법으로 옳지 않은 것은?,TDMA,FDM,TDM,STDM,1
2과목 네트워크 일반,정보통신망 중에서 노드의 개수가 같다고 가정했을 경우 가장 많은 링크를 발생 할 수 있는 망은?,성형 망,트리 망,루프 망,메쉬 망,4
2과목 네트워크 일반,IEEE 802 시리즈에 관한 내용이다. 연결이 올바른 것은?,802.2 - LLC(Logical Link Control),802.3 - MAN,802.4 - CSMA/CD,802.6 - Token Ring,1
2과목 네트워크 일반,근거리 통신망(LAN)에서 사용하는 CSMA/CD 프로토콜에 대한 설명으로 옳지 않은 것은?,공장용 프로토콜로 MAP(Manufacturing Automation Protocol)에 주로 사용된다.,송신을 원하는 호스트는 송신 전에 다른 호스트가 채널을 사용하는지 조사한다.,전송하는 동안 계속적으로 채널을 감시하여 충돌이 발생하는지를 조사한다.,"충돌이 발생하게 되면, 충돌한 데이터들은 버려지고 데이터를 전송한 장치들에게 재전송을 요구한다.",1
2과목 네트워크 일반,"OSI 7 Layer 중 물리적 링크간의 신뢰성 있는 정보전송을 제공하며 동기화, 에러제어, 흐름제어로서 데이터의 블록을 전송하는 기능을 가진 계층은?",물리계층,데이터링크계층,트랜스포트계층,네트워크계층,2
2과목 네트워크 일반,프로토콜을 형성하는 기능 중 각 계층의 데이터에 제어 정보를 부착하는 것을 뜻하는 것은?,캡슐화,다중화,세분화,동기화,1
2과목 네트워크 일반,하나의 웹 사이트에 Directory 별로 인증과 권한을 다르게 설정할 경우 일반적으로 사용하는 Directory는?,Active Directory,Dynamic Directory,Static Directory,Virtual Directory,4
2과목 네트워크 일반,IIS 웹 서버의 기능이 아닌 것은?,WWW 기능,기본 웹 사이트,관리 웹 사이트,NEWS 그룹 기능,4
2과목 네트워크 일반,도메인 이름의 구성 체계요소로 옳지 않은 것은?,기관의 이름,사용자 ID,기관의 성격,국가 표시,2
2과목 네트워크 일반,Windows 2000 Server에서 새로운 사용자를 만들어 줄 때 사용자 암호를 사용자만이 알게 하고 싶을 경우 관리자가 설정해야 할 옵션으로 가장 올바른 것은?,암호 변경할 수 없음,다음 로그온 할 때 반드시 암호 변경,암호 사용 기간 제한 없음,계정 사용 안함,2
2과목 네트워크 일반,"현재 FTP 사이트에 접속 중인 사용자를 확인할 경우, FTP 서버의 등록정보에서 어느 탭을 사용하는가?",보안 계정,FTP 사이트,디렉터리 보안,홈 디렉터리,2
2과목 네트워크 일반,"DHCP 서버 서비스를 설치한 후, 주소 범위를 설정하려고 한다. 이때 주소 범위 설정에 사용되지 않는 옵션은?",서브넷 마스크,임대기간,라우터 및 기본 게이트웨이 주소,DHCP 서버의 MAC 주소,4
2과목 네트워크 일반,Windows 2000 Server에서 전 네트워크에 있는 자원에 대한 정보를 논리적 계층 구조로 저장하고 있어서 이를 찾아내거나 관리하고 사용하기 용이하게 만든 것은?,Active Directory 서비스,DHCP 서비스,DNS 서비스,WINS 서비스,1
2과목 네트워크 일반,한정된 IP Address를 효율적으로 활용하기 위하여 Windows 2000 Server에서 정해진 범위 내의 IP Address를 자동적으로 할당해 주는 서버는?,WINS,DHCP,NetBEUI,RAS,2
3과목 NOS,Windows 2000 Advanced Server와 데이터센터에 있는 기능으로 한 컴퓨터에서 결함이나 오류가 발생할 경우 클러스터의 다른 컴퓨터를 이용해서 같은 서비스를 제공할 수 있는 기능은?,인덱스 서비스,터미널 서비스,인증 서비스,클러스터 서비스,4
3과목 NOS,Active Directory의 장점이 아닌 것은?,DNS와 통합,정보 보안,개체 스키마 확장성,낮은 시스템 요구사항,4
3과목 NOS,그룹 파일이나 폴더의 소유권을 수행할 수 있는 영역은?,User,Power User,Administrators,Backup Operators,3
3과목 NOS,Windows 2000 Server의 Active Directory 서비스를 효과적으로 설치하기 위해서 고려해야 할 조건으로 가장 올바른 것은?,Active Directory 서비스는 대규모 네트워크에 적합하지 않으므로 소규모 네트워크 환경에 적용해야 한다.,Active Directory 설치 시 동적 업데이트를 지원하는 DHCP 서버가 필요하다.,Active Directory 서비스가 설치될 파티션은 NTFS 파일시스템으로 포맷되어 있어야 한다.,Active Directory는 관리자계정의 암호 없이도 설치가 가능하다.,3
3과목 NOS,Windows 2000 Server에서 공유 폴더에 대한 설명으로 옳지 않은 것은?,공유는 네트워크를 통해 다른 컴퓨터의 자원을 활용할 수 있도록 하는 기능이다.,공유 폴더는 생성과 동시에 모든 사용자에게 자동적으로 접근이 허가된다.,다른 컴퓨터의 임의 폴더에 접근하고자 하는 경우 먼저 네트워크상에 공유되어 있어야 한다.,사용자의 홈 디렉터리를 네트워크 서버에 위치시켰을 경우 사용자 홈 디렉터리가 생성될 폴더는 먼저 공유되어 있어야 한다.,2
3과목 NOS,네트워크 서버 운영체제로서 적합하지 않는 것은?,Linux,Windows NT,Unix,DOS,4
3과목 NOS,사용자에 대한 패스워드의 만료기간 및 시간 정보를 변경하는 Linux 명령어는?,chage,chgrp,chmod,usermod,1
3과목 NOS,Linux 시스템에서 지원하지 않는 파일 시스템은?,FAT,EXT2,EXT3,EXT5,4
3과목 NOS,"Linux 시스템에서 ‘icqa’라는 파일을, 파일의 소유자가 아닌 사람도 볼 수는 있지만 수정을 못하도록 하는 명령어는?",chmod 777 icqa,chmod 666 icqa,chmod 646 icqa,chmod 644 icqa,4
3과목 NOS,ELA/TLA에서 규정한 UTP 케이블 등급(Category)과 지원 가능한 최대 대역폭을 올바르게 짝지어 놓은 것은?,Category2 : 2Mbps,Category3 : 32Mbps,Category4 : 64Mbps,Category5 : 100Mbps,4
3과목 NOS,다음 중 xDSL 방식 중 전송속도가 가장 빠른 방식은?,HDSL,SDSL,VDSL,ADSL,3
3과목 NOS,LAN을 계층적으로 구성할 때 일반적으로 사용되는 장비로서 현재 저렴한 가격으로 가장 많이 사용되는 장비는?,Repeater,Hub,Router,Bridge,2
3과목 NOS,"세션계층, 프리젠테이션계층, 응용계층 간을 연결하여 메시지형식 변환, 주소변환, 프로토콜변환 기능을 갖는 장비는?",Gateway,Router,Repeater,Bridge,1
1과목 TCP/IP,KRNIC에 의해 새롭게 추가된 학교와 관련된 최상위 도메인 중에서 초등학교에 해당하는 것은?,hs,sc,es,ms,3
1과목 TCP/IP,"Windows 2000 Server에서 동적 호스트 구성(DHCP), DNS 등의 서버 주소를 포함하여, 서브넷 마스크, 기본 게이트웨이 등 TCP/IP 구성 파라미터를 확인할 수 있는 명령어는?",Ifconfig,Ipconfig,Netstat,Ping,2
1과목 TCP/IP,다음 중 Transport 계층에서 TCP와 UDP 프로토콜의 차이점을 잘못 설명한 것은?,"TCP는 전 이중방식 스트림 중심의 연결형 프로토콜이고, UDP는 비 연결형 프로토콜이다.",TCP는 전달된 패킷에 대한 수신측의 인증이 필요하지만 UDP는 그렇지 않다.,"TCP는 보통 중요한 사용자 데이터 전송에, UDP는 시스템간의 메시지 전달에 주로 사용된다.",UDP는 TCP에 비해 오버헤드가 크다.,4
1과목 TCP/IP,TCP/IP Protocol 군에서 네트워크 계층의 프로토콜로만 연결된 것은?,TCP-UDP-IP,ICMP-IP-IGMP,FTP-SMTP-Telnet,ARP-RARP-TCP,2
1과목 TCP/IP,"1926. IP Address ""127.0.0.1"" 이 의미하는 것은?",모든 네트워크를 의미한다.,자신의 네트워크를 의미한다.,특정한 네트워크의 모든 노드를 의미한다.,루프백 테스트용이다.7. 서브넷의 기능에 대한 설명으로 옳지 않은 것은? ① 서브넷은 단일 네트워크 ID로 부터 파생된 IP Address를 사용하는 TCP/IP 환경의 물리적 세그먼트를 가리킨다. ② 호스트 ID를 두 부분으로 나누어 각 세그먼트에 대해 고유한 서브넷 ID를 생성한다. ❸ 네트워크 ID를 두 부분으로 나누어 각 세그먼트에 대해 고유한 서브넷 ID를 생성한다. ④ 네트워크의 불필요한 트래픽을 줄일 수 있다.,4
1과목 TCP/IP,IP Address 공간 부족 및 비효율적인 라우팅 테이블 관리를 해결하고자 제안된 IP Version은?,IPv4,IPsec,IPv6,RIP,3
1과목 TCP/IP,TCP 헤더 중에서 에러제어를 위한 필드는?,Offset,Checksum,Source Port,Sequence Number,2
1과목 TCP/IP,TCP와 UDP에 대한 설명으로 옳지 않은 것은?,TCP/IP 프로토콜 군(Suite)에서 전송계층의 프로토콜이다.,TCP는 연결형(Connection Oriented)이고 UDP는 비연결형(Connectionless)이다.,TCP와 UDP 모두 데이터 수신에 대한 긍정응답(ACK)을 사용한다.,TCP와 UDP 모두 헤더의 손상 방지를 위해 체크섬을 (Checksum)을 사용한다.,3
1과목 TCP/IP,프로토콜의 부하가 적어 분산처리에서 많이 사용되는 인터넷 프로토콜은?,UDP,HDLC,Packet,Frame,1
1과목 TCP/IP,ICMP 프로토콜에 대한 설명으로 올바른 것은?,IP 프로토콜에 보안기능을 추가하였다.,IP 프로토콜에 대한 메시지의 오류를 자동으로 수정한다.,"IP 데이터 그램을 사용하지만, 메시지는 TCP/IP 소프트웨어에 의해 처리된다.",OSI 7 Layer 중 링크계층의 프로토콜에 해당한다.,3
1과목 TCP/IP,WWW에 대한 설명으로 옳지 않는 것은?,검색 가능한 하이퍼텍스트 형태의 정보를 제공한다.,로봇 에이전트를 이용하면 정보의 수집이 용이하다.,미러링(Mirroring)은 복제된 정보를 빠르게 이용할 수 있게 한다.,23번 포트를 사용한다.,4
1과목 TCP/IP,인터넷의 잘 알려진 포트번호로 옳지 않은 것은?,FTP - 21,SMTP - 25,POP3 - 110,TFTP - 68,4
1과목 TCP/IP,FTP의 약어 풀이로 올바른 것은?,File Transmission Protocol,File Transfer Program,File Transmission Program,File Transfer Protocol,4
1과목 TCP/IP,FTP와 Telnet의 공통점을 열거한 것으로 옳지 않은 것은?,서버/클라이언트의 시스템으로 동작한다.,고유 포트번호가 있고 로그인(Login)으로 시작한다.,서버의 데몬(Demon)이 클라이언트의 요청에 대응한다.,필요에 따라 TCP나 UDP로 선택할 수 있다.,4
1과목 TCP/IP,TCP/IP 계층 중 다른 계층에서 동작하는 계층은?,IP,SMTP,RARP,ARP,2
2과목 네트워크 일반,두 스테이션 간 하나의 회선(전송로)을 분할하여 개별적으로 독립된 신호를 동시에 송·수신 할 수 있는 다수의 통신 채널을 구성하는 기술은?,데이터 전송(Data Transmission),디지털 데이터 통신기법(Digital Data Communication),데이터 링크 제어(Data Link Control),다중화(Multiplexing),4
2과목 네트워크 일반,메시지 교환 방식의 특징으로 옳지 않은 것은?,각 메시지마다 전송 경로가 다르다.,Store and Forwarding 방식을 채택하고 있다.,데이터 전송 지연 시간이 거의 없다.,이용자 형편에 따라 우선순위 전송이 가능하다.,3
2과목 네트워크 일반,"OSI 7 Layer 중 서로 다른 네트워크의 차이를 극복하여 종점 간에 신뢰성 있고 투명한 데이터 전송을 제공하고, 종점간의 에러 복구와 흐름제어를 하는 것은?",네트워크계층,트랜스포트계층,세션계층,물리계층,2
2과목 네트워크 일반,IEEE802.3 표준안을 포함하고 있는 것은?,Token Bus,Ethernet,FDDI,Token Ring,2
2과목 네트워크 일반,네트워크 케이블에서 실제로 움직이는 패킷은 크게 3섹션으로 구별된다. 다음 중 이 패킷의 구성(섹션)이 아닌 것은?,헤더,데이터,데이터 그램,트레일러,3
2과목 네트워크 일반,정보 교환 네트워크에서 이용자의 데이터를 일정단위로 나누어 각각에 송수신 주소를 부가하여 전송하는 방식은?,회선 교환방식,패킷 교환방식,메시지 교환방식,비동기 방식,2
2과목 네트워크 일반,모든 노드를 중앙에서 관리하며 하나 이상의 노드에 이상이 발생하여도 전체 네트워크에 문제가 발생하지 않는 형태의 토폴로지는?,스타 토폴로지,버스 토폴로지,링 토폴로지,탑 토폴로지,1
2과목 네트워크 일반,전송 채널 액세스를 하기 위한 방식들이다. 각 노드에서 채널의 상태를 감지하여 데이터의 충돌을 방지할 수 있는 액세스 방식은?,ALOHA,Slotted ALOHA,CSMA,Token,3
2과목 네트워크 일반,VoIP 구성 요소 중에서 Client에 속하지 않는 것은?,IP Phone,Soft Phone,Gate Keeper,Video,3
2과목 네트워크 일반,Windows 2000 Server가 지원하는 File System으로 옳지 않은 것은?,EXT2,NTFS,FAT,FAT32,1
2과목 네트워크 일반,Windows 2000 Server의 인터넷 정보 서비스(IIS)에서 사용 가능한 서비스는?,"FTP 서비스, 웹 서비스","웹 서비스, 텔넷 서비스","텔넷 서비스, SMTP 서비스","SMTP 서비스, DHCP 서비스",1
2과목 네트워크 일반,명령 프롬프트에서 IIS 서비스를 시작하기 위한 명령은?,net start w3svc,net start iis,net start svcw3,net start iis5,1
2과목 네트워크 일반,NetBIOS 이름을 IP Address로 매핑하기 위해 사용되는 서비스는?,DHCP,DNS,TCP/IP,WINS,4
2과목 네트워크 일반,호스트 네임과 도메인 네임이 함께 붙여진 이름을 뜻하는 것은?,FQDN,IP Address,가상 주소,WINS,1
2과목 네트워크 일반,"새로운 FTP사이트를 생성하기 위한 ""FTP 사이트 만들기 마법사"" 설명 중 가장 옳지 않은 것은?","""설명(D)""의 입력란에는 반드시 호스트명을 사용한다.","IP가 한 개일 경우 ""IP Address(P)""란에 입력하지 않아도 된다.","웹 사이트의 기본 포트는 ""21번""을 사용한다.","IP가 여러 개를 가지는 웹서버인 경우 ""IP Address(P)""란에 현재 만들고 있는 웹 사이트의 IP Address를 입력한다.",1
2과목 네트워크 일반,TCP/IP 주소 관리를 간소화 하기위하여 자동 IP를 할당하고자 할 때 사용하는 서비스는?,DNS,WINS,NNTP,DHCP,4
2과목 네트워크 일반,Active Directory의 논리적 구조 중 도메인이 제공하는 장점으로 옳지 않은 것은?,관리 권한 및 액세스 제어 목록과 같은 보안 정책과 설정이 해당 도메인에만 적용된다.,도메인 또는 조직 단위에 관리 권한을 위임하면 모든 관리 권한을 가진 관리자가 많이 필요하다.,도메인을 사용하면 소속 조직의 구조를 좀 더 충실히 반영하도록 네트워크를 구성할 수 있다.,각 도메인은 해당 도메인에 있는 개체의 정보만 저장한다. 이런 방식으로 디렉터리를 분할함으로써 수많은 개체를 수용하도록 Active Directory를 확장할 수 있다.,2
3과목 NOS,계정 정책은 사용자 계정에만 적용된다. 계정 정책의 보안영역에 속하지 않는 속성은?,암호 정책,계정 잠금 정책,Kerberos 정책,운영 정책,4
3과목 NOS,Windows 2000 Server에서 그룹의 권한에 대한 설명 중 옳지 않은 것은?,Users - 포함된 사용자들에게 제한된 권한을 제공,Administrators - 시스템에 대한 전체적인 권한을 가짐,Guests - 부여된 권한을 수행하거나 허가된 자원에 접근,Replicator - 그룹 멤버들에게 관리 업무를 할 수 있는 제한적 권한을 부여,4
3과목 NOS,Windows 2000 Server의 서비스 중 UDP를 사용하는 것으로 가장 올바른 것은?,FTP,SMTP,HTTP,DNS,4
3과목 NOS,Windows 2000 Server가 기본적으로 지원하지 않는 백업 장치는?,테이프 드라이브,16mm DAT(Digital Audio Tape)드라이브,하드디스크 드라이브,이동식 디스크,2
3과목 NOS,Windows 2000 Server에서 원격 설치 서비스를 구성하기 위하여 원격설치서버 상에 구현이 되어 있어야 하는 네트워크 서비스로 옳지 않은 것은?,DNS,DHCP,Active Directory,SMTP,4
3과목 NOS,다음 중 Linux 시스템에서 가장 널리 사용되고 있는 파일 시스템은?,NTFS,FAT,EXT2,HPFS,3
3과목 NOS,Linux 시스템에서 데몬(Daemon)에 관한 설명 중 옳지 않은 것은?,백그라운드(Background)로 실행된다.,“ps afx”명령어를 실행시켜보면 데몬 프로그램의 활동을 확인할 수 있다.,시스템 서비스를 지원하는 프로세스이다.,시스템 부팅 때만 시작될 수 있다.,4
3과목 NOS,Linux 시스템에서 현재 디렉터리와 하부 디렉터리까지 검색하여 core라는 파일을 찾아 삭제하는 명령은?,find . -name core -exec rm -rf {} \;,find / -name core -exe rm -rf {} \;,find . -name core -print | rm -rf {} \;,find / -name core | rm -rrf,1
3과목 NOS,"네트워크상에 발생한 트래픽을 제어하며, 네트워크상의 경로 설정 정보를 가지고 최적의 경로를 결정하는 장치는?",브리지(Bridge),라우터(Router),리피터(Repeater),게이트웨이(Gateway),2
3과목 NOS,"다음의 네트워크 장치 중 이종 프로토콜을 가진 두 시스템 간을 연결시키며, OSI 참조모델의 모든 계층에서 동작하는 장치는?",Gateway,Router,Bridge,Repeater,1
3과목 NOS,T3 회선에서의 데이터 전송속도는?,45Mbps,128Kbps,1.544Mbps,65.8Mbps,1
3과목 NOS,"현행 전화선으로 높은 대역폭으로 디지털 정보를 전송하며, 상/하향 데이터의 전송 속도가 다른 기술은?",Lease Line,ISDN,ADSL,CATV,3
1과목 TCP/IP,다음 TCP/IP 계층 중 호스트 간의 메시지 단위의 정보 교환 및 관리를 주 기능으로 하는 계층은?,응용프로세스 계층,TCP/UDP 계층,네트워크 접속 계층,IP 계층,2
1과목 TCP/IP,IPv4에서 IP Address에 대한 설명으로 옳지 않는 것은?,Network ID 부분과 Host ID 부분으로 되어 있다.,인터넷상에서 컴퓨터를 찾기 위한 주소이다.,000.000.000.000 부터 255.255.255.255 까지 이다.,40 bit의 숫자 조합으로 표현된다.,4
1과목 TCP/IP,인터넷의 도메인(Domain) 중 최상위 도메인으로 옳지 않은 것은?,NET,ORG,COM,GO,4
1과목 TCP/IP,목적지 호스트의 IP Address가 동일 네트워크상에 있는지 확인하기 위해 사용하는 방법은?,Network Name,Subnet Mask,Subnet Name,Host ID,2
1과목 TCP/IP,정적 라우팅과 동적 라우팅에 관한 설명으로 옳지 않은 것은?,정적 라우터는 라우팅 테이블을 직접 작성하고 갱신해야 한다.,동적 라우팅 프로토콜은 라우터 사이에서 정기적으로 라우팅 정보를 교환한다.,정적 라우팅에서 라우팅 테이블은 RIP와 OSPF가 담당한다.,일반적으로 규모가 큰 네트워크에서는 동적 라우팅을 사용한다.,3
1과목 TCP/IP,OSPF 프로토콜이 최단경로 탐색에 사용하는 기본 알고리즘은?,Bellman-Ford 알고리즘,Dijkstra 알고리즘,거리 벡터 라우팅 알고리즘,Floyd-Warshall 알고리즘,2
1과목 TCP/IP,"OSI 7 Layer의 전송(Transport) 계층에 속하며, 사용자에게 신뢰할 수 있는 데이터 전송을 지원하는 인터넷 프로토콜은?",IP,TCP,UDP,RARP,2
1과목 TCP/IP,"IP Address가 B Class이고, 전체를 하나의 네트워크로 사용할 때 적절한 서브넷 마스크 값은?",255.0.0.0,255.255.0.0,255.255.255.0,255.255.255.255,2
1과목 TCP/IP,인터넷 그룹 관리 프로토콜로 사용자들로 하여금 멤버간의 관계를 유지할 수 있도록 하는 프로토콜은?,ICMP,IGMP,EGP,IGP,2
1과목 TCP/IP,Telnet으로 할 수 있는 일반적인 작업으로 가장 옳지 않은 것은?,디렉터리 삭제가 가능하다.,디렉터리 생성이 가능하다.,파일을 다운로드 할 수 있다.,실행파일을 실행할 수 있다.,3
1과목 TCP/IP,사용자가 원격 호스트에 연결하여 이를 자신의 로컬 호스트처럼 사용할 수 있는 프로토콜로서 로컬 컴퓨터에서 전송된 명령어를 서버가 수행하여 결과를 다시 로컬 컴퓨터의 클라이언트에게 전송하는 인터넷 기술은?,Telnet,FTP,SMTP,SNMP,1
1과목 TCP/IP,URL에 대한 설명 중 옳지 않은 것은?,URL은 인터넷상의 정보 위치를 나타내기 위한 방법으로서 인터넷의 자원 및 서비스에 대해 사용되는 표준 명명 규칙이다.,"URL의 구성은 프로토콜, 호스트 명, 도메인 명, 디렉터리 이름, 파일 이름순으로 구성되며, protocol://host.domain /directory/file와 같은 형식으로 표현될 수 있다.",URL은 지정된 컴퓨터를 식별하기 위해 사용되는 것으로서 전 세계적으로 유일한 이름을 가질 뿐만 아니라 하나의 도메인 이름은 오직 하나의 호스트와 대응한다.,"URL에 참여할 수 있는 프로토콜들로는 HTTP, FTP, Telnet 등을 이용할 수 있다.",3
1과목 TCP/IP,FTP의 주된 기능에 대한 설명으로 가장 올바른 것은?,파일을 전송하기 위한 프로토콜이다.,파일을 수정하는 프로토콜이다.,"Anonymous FTP를 사용하면, 텍스트 문서만을 송수신할 수 있다.",FTP는 익명으로 파일을 전송하는 프로토콜이다.,1
1과목 TCP/IP,아래 프로토콜 중에서 다음과 같은 일을 수행하는 프로토콜은?,DHCP(Dynamic Host Configuration Protocol),IP(Internet Protocol),RIP(Routing Information Protocol),ARP(Address Resolution Protocol),4
1과목 TCP/IP,OSI 7 Layer 중 제 3계층의 Protocol에 해당되지 않는 것은?,ARP,ICMP,SNMP,IGMP,3
1과목 TCP/IP,"인터넷을 경유하여 로컬 네트워크에 접근할 때, 보안을 강화하기 위해 사용하는 프로토콜은?",PPP,PPTP,HDLC,CSLIP,2
1과목 TCP/IP,반이중(Half-Duplex) 통신방식에 대한 설명으로 가장 올바른 것은?,"(ㄱ), (ㄴ)","(ㄱ), (ㄹ)","(ㄴ), (ㄷ)","(ㄴ), (ㄹ)",4
1과목 TCP/IP,"송신측에서 데이터를 전송할 때 길이가 긴 데이터 비트를 5~8비트로 전송하는 방식으로, 짧은 시간동안 몇 비트 분량만을 연속적으로 전송하고 일정한 유휴 시간(Idle Time)을 두는 과정을 반복하는 전송방식은?",회선 교환방식,패킷 교환방식,동기식 방식,비동기식 방식,4
1과목 TCP/IP,다음 중 동적인 불완전성의 원인이 아닌 것은?,백색 잡음 : 잡음 세력이 시간에 전혀 무작위한 진폭을 가짐,하모닉 왜곡 : 신호의 감쇄가 신호의 진폭에 따라 달라지는 것을 말함,에코우 : 전송선에서 임피던스의 변화가 있으면 약해진 신호가 송신측으로 되돌아옴,충격성 잡음 : 전송시스템에 순간적으로 일어나는 높은 진폭의 잡음으로 주로 기계적인 충격에 의해 발생,2
1과목 TCP/IP,다음 중 회선교환 통신망이 갖는 특징은?,데이터가 전송되지 않는 동안에도 링크가 연결되어 있어 효율적이다.,링크 설립을 위해서 긴 시간이 소요되므로 짧은 데이터전송에는 비효율적이다.,일단 연결되더라도 지연이 생겨 데이터를 전송한다.,비실시간 서비스를 요구하는 정보의 전송에 사용된다.,2
1과목 TCP/IP,OSI 7 Layer에서 트랜스포트 계층이 하는 기능은?,경로배정 기능,암호화 복호화 기능,멀티 플렉싱 기능,호스트 간 흐름제어와 에러제어 기능,4
1과목 TCP/IP,인터넷 프로토콜들 중에서 OSI 계층 구조상의 네트워크 계층에 속하지 않는 프로토콜은?,IP,ICMP,UDP,ARP,3
1과목 TCP/IP,Token Ring에 대한 설명 중 올바른 것은?,EC에서 개발하였다.,IEEE 802.3 표준안이다.,충돌이 일어나지 않는다.,CSMA/CD 방식을 사용하였다.,3
1과목 TCP/IP,Bus 토폴로지(Topology)에 대한 설명 중 올바른 것은?,확장이 매우 어렵다.,각 스테이션이 중앙 스위치에 연결된다.,터미네이터(Terminator)가 시그널의 반사를 방지하기 위하여 사용된다.,중앙 집중형이다.,3
1과목 TCP/IP,다음 중 고속 Ethernet의 액세스 방식에 해당되는 것은?,ALOHA,CSMA/CD,Token Bus,Token Ring,2
1과목 TCP/IP,광섬유(Fiber Optics) 케이블의 이점으로 옳지 않은 것은?,대역폭이 넓다.,잡음에 강하다.,설치 및 유지보수가 쉽다.,도청 및 보안에 강하다.,3
1과목 TCP/IP,"Windows 2000 Server에서 다른 컴퓨터의 드라이브를 마치 로컬 컴퓨터의 드라이브처럼 사용, 관리할 수 있는 것은?",로컬 드라이브,네트워크 드라이브,공유 드라이브,리소스 드라이브,2
1과목 TCP/IP,"파일, 디렉터리의 사용허가와 보안 기능을 갖는 Windows 2000 Server의 파일 포맷 형식은?",NTFS,FAT,FAT32,UFS,1
1과목 TCP/IP,Windows 2000 Server에서 IIS 하위 구성요소에 포함 되는 것은?,SMTP 서비스,TELNET 서비스,SNMP 서비스,ARCHIE 서비스,1
1과목 TCP/IP,Windows 2000 Server의 파일 서버에 관한 설명으로 옳지 않는 것은?,네트워크를 통해 파일을 액세스 할 수 있도록 만드는 방법은 해당 디렉터리를 공유하는 것이다.,공유된 디렉터리의 공유 이름으로 네트워크상의 다른 사용자가 공유 리소스를 이용할 수 있게 된다.,공유 디렉터리가 NTFS 볼륨에 있는 경우 일부 디렉터리에 대한 액세스를 막기 위해 디렉터리 사용 권한을 사용할 수 있다.,디렉터리를 공유할 때 공유 이름은 반드시 해당 디렉터리 이름을 사용해야 한다.,4
1과목 TCP/IP,다음 중 DHCP 서버를 이용해서 클라이언트의 TCP/IP 설정을 자동화 할 때 설정 가능한 사항으로 옳지 않는 것은?,라우터 주소,WINS 서버 주소,NetBIOS Name,DNS 주소,3
3과목 NOS,"Active Directory의 기본 단위이며 서로 구별이 가능하고 특정한 이름이 부여된 속성 집합으로 사용자, 프린터 또는 응용 프로그램과 같은 구체적인 대상을 가리키는 것은?",개체(Object),도메인(Domain),조직단위(OU),트리(Trees),1
3과목 NOS,Windows 제품군 중 Active Directory 서비스가 제공되지 않는 것은?,Windows 98,Windows 2000 Server,Windows 2000 Advanced Server,Windows 2000 Data Center Server,1
3과목 NOS,"Windows 2000 Server 설치 시, 기본으로 설치되는 사용자로 알맞게 짝지어진 것은?","User, Administrator","User, Guest","User, Group","Administrator, Guest",4
3과목 NOS,"네트워크상에서 자유롭게 메일을 주고받을 수 있으며, 그룹과 전체 기업 간의 정보 공유가 가능한 Back Office 제품은?",Exchange Server,Samba Server,SQL Server,NNTP Server,1
3과목 NOS,DNS 서버에서 해당 도메인의 하위메뉴에 대한 설명이다. 옳지 않은 것은?,새 메일 교환기를 추가하면 해당 도메인으로 전자 메일을 받을 수 있다.,[메일 교환기] 탭의 메일 서버 우선순위는 높은 번호가 우선적으로 제공된다.,메일 서버 우선 순위의 기본 값은 “10” 이다.,메일 서버가 웹 서버와 호스트가 다를 경우에는 먼저 호스트를 추가한 후 메일 서버에 추가된 호스트의 이름을 입력한다.,2
3과목 NOS,Windows 2000 Server에서 NTFS 파일 시스템에 대한 설명으로 옳지 않은 것은?,"FAT, HPFS 파일 시스템보다 더 큰 파일과 파티션 사이즈를 지원한다.",파일과 디렉터리 단위의 보안을 설정할 수 있다.,파일과 디렉터리의 압축을 지원하고 POSIX 요구 사항을 해결한다.,NTFS 파일 시스템은 FAT 또는 FAT32로 변환 할 수 있다.,4
3과목 NOS,RDP(Remote Desktop Protocol)에 대한 설명으로 옳지 않은 것은?,Windows 2000 Server의 터미널 서비스에 사용되는 프로토콜이다.,네트워크 연결을 통한 원격화면 표시 및 입력 기능을 제공한다.,RDP를 이용한 터미널 서비스는 LAN(Local Area Network)상에서만 연결을 지원한다.,최근 TSAC(Terminal Service Advanced Client)가 RDP 클라이언트를 대신하여 사용된다.,3
3과목 NOS,"터미널 서버의 관리 툴인 ""터미널 서비스 구성"" 메뉴에서 할 수 있는 일로 옳지 않은 것은?",암호화 수준을 제어한다.,세션을 설정해서 연결이 끊긴 사용자가 서버의 부하를 일으키는 일을 방지한다.,원격제어를 통해 사용자의 컴퓨터로 대신 작업하는 일을 할 것인지를 선택한다.,연결된 사용자를 확인하고 사용자에게 메시지를 보낸다.,4
3과목 NOS,인터넷의 잘 알려진 포트(Well-Known Port) 번호로 옳지 않은 것은?,HTTP - 80번,FTP - 21번,Telnet - 24번,SMTP - 25번,3
3과목 NOS,Linux에서 사용할 수 있는 압축 또는 묶기 유틸리티로 옳지 않은 것은?,compress,tar,gzip,winzip,4
3과목 NOS,Linux 시스템에서 기존에 설정된 crontab을 삭제하려고 할 때 올바른 명령어는?,crontab -u,crontab -e,crontab -l,crontab -r,4
3과목 NOS,Linux 시스템에서 사용자 암호 정보를 가지는 디렉터리는?,/etc,/sbin,/home,/lib,1
3과목 NOS,전력선을 매체로 전력선의 전원파형에 디지털 정보를 실어서 전송하는 통신방식은?,PLC,Bluetooth,WAP,WIPI,1
3과목 NOS,전송 매체의 특성 중 Fiber Optics에 해당하는 것은?,여러 라인의 묶음으로 사용하면 간섭 현상을 줄일 수 있다.,"신호 손실이 적고, 전자기적 간섭이 없다.",송수신에 사용되는 구리 핀은 8개 중 4개만 사용한다.,수 Km이상 전송 시 Repeater를 사용해야 한다.,2
3과목 NOS,"라우터의 이더넷 IP Address가 196.253.177.1/24 이며, 시리얼 IP Address는 220.163.177.2/30 이다. 이때, 이 라우터의 내부 LAN에 연결된 PC의 IP Address와 Gateway로 가능한 Address는?","IP Address : 196.253.176.7, Gateway: 196.253.177.1","IP Address : 196.253.177.111, Gateway: 220.163.177.2","IP Address : 196.253.177.10, Gateway: 196.253.177.1","IP Address : 196.253.177.7, Gateway: 220.163.177.2",3
1과목 TCP/IP,인터넷의 도메인(Domain) 중 최상위 도메인으로 옳지 않은 것은?,NET,ORG,COM,GO,4
1과목 TCP/IP,TCP/IP 프로토콜의 IP 계층에서 캡슐화 하여 만들어지는 데이터 단위는?,메시지,세그먼트,데이터 그램,프레임,3
1과목 TCP/IP,어떤 호스트의 IP Address가 “200.221.100.152”를 갖는다면 어떤 Class에 해당 하는가?,A Class,B Class,C Class,D Class,3
1과목 TCP/IP,각 IP Address Class의 Local Address 공간으로 옳지 않는 것은?,A Class : 24Bit,B Class : 16Bit,C Class : 8Bit,D Class : 4Bit,4
1과목 TCP/IP,"몇 개의 비트가 네트워크를 식별하는데 사용되고, 몇 개의 호스트를 식별하는데 사용되는지를 나타내기 위해 지정하는 것은?",서브넷 마스크,라우팅 테이블,루프백(Loopback),IP Address,1
1과목 TCP/IP,Internet Protocol에 대한 설명으로 타당하지 않은 것은?,TCP에 의해 패킷으로 변환된 데이터를 네트워크를 통해 다른 호스트로 전송하는 역할을 한다.,UDP와 같이 비연결형 프로토콜이다.,OSI 7 Layer의 Data Link Layer에 해당된다.,필요에 따라 패킷을 절단하여 전송하기도 한다.,3
1과목 TCP/IP,UDP에 대한 설명으로 가장 옳지 않은 것은?,UDP는 비연결 지향 프로토콜이다.,UDP는 트랜스포트 계층에 속한다.,UDP는 TCP 기반 프로토콜로 메시지를 패킷이라 부른다.,UDP는 최소한의 오버헤드를 갖는 작은 헤더를 갖는다.,3
1과목 TCP/IP,목적지 시스템의 32Bit IP Address에 대응되는 48Bit의 하드웨어 네트워크 주소를 제공하는 프로토콜은?,ARP,FTP,Netstat,NAT,1
1과목 TCP/IP,X 터미널이나 디스크가 없는 워크스테이션이 자신의 IP Address를 알기 위해 사용할 수 있는 프로토콜은?,RIP,ARP,RARP,ICMP,3
1과목 TCP/IP,ARP와 RARP에 대한 설명으로 가장 옳지 않은 것은?,RARP는 로컬 디스크가 없는 네트워크상에 연결된 시스템에도 사용된다.,ARP는 IP 데이터 그램을 정확한 목적지 호스트로 보내기 위해 IP에 의해 보조적으로 사용되는 프로토콜이다.,RARP는 IP Address를 알고 있는 상태에서 그 IP Address에 대한 MAC Address를 알아낼 때 사용한다.,ARP와 RARP의 패킷 구조는 동일하다.,3
1과목 TCP/IP,망 내 교환 장비들이 오류 상황에 대한 보고를 할 수 있게 하고. 예상하지 못한 상황이 발생한 경우 이를 알릴 수 있도록 지원하는 프로토콜은?,ARP,RARP,ICMP,RIP,3
1과목 TCP/IP,Telnet 접속 방법으로 옳지 않은 것은?,Telnet 도메인 이름,Telnet 포트 번호,Telnet 서버 이름,Telnet IP_Address,2
1과목 TCP/IP,메뉴 중심의 정보검색 서비스를 제공하는 URL은?,ftp://ftp.icqa.or.kr,mailto://mail.icqa.or.kr,gopher://gopher.icqa.or.kr,telnet://system.icqa.or.kr,3
1과목 TCP/IP,다음은 FTP 서버에 접속 후 `ls' 명령어를 통해 얻은 결과 중 일부이다. 앞의 ‘-’가 의미하는 것은?,디렉터리,일반파일,링크파일,삭제된 파일,2
1과목 TCP/IP,DNS에 대한 설명으로 옳지 않은 것은?,정방향 조회는 호스트 이름을 IP Address로 변환해준다.,역방향 조회는 IP Address를 호스트 이름으로 변환해준다.,"동적 DNS는 호스트가 추가되거나, 삭제되면 자동으로 데이터베이스를 수정한다.",DDNS는 호스트가 추가되면 수동으로 DNS 데이터베이스를 수정한다.,4
1과목 TCP/IP,다음 중 프로토콜과 포트 번호가 올바르게 짝지어진 것은?,Telnet - 21번 포트,POP2 - 27번 포트,POP3 - 25번 포트,HTTP - 80번 포트,4
1과목 TCP/IP,트랜스포트 계층의 프로토콜과 그 응용이 잘못 연결된 것은?,TCP - Telnet,UDP - DNS,TCP - TFTP,UDP - BOOTP,3
2과목 네트워크 일반,Analog 데이터를 Digital 신호로 변환하는 과정으로 올바른 것은?,Analog → 양자화 → 표본화 → 부호화 → Digital,Analog → 표본화 → 양자화 → 부호화 → Digital,Analog → 표본화 → 부호화 → 양자화 → Digital,Analog → 양자화 → 부호화 → 표본화 → Digital,2
2과목 네트워크 일반,채널을 통해 보낼 수 있는 채널대역폭과 데이터양의 관계는?,반비례,제곱근에 비례,1/3비례,비례,4
2과목 네트워크 일반,전송효율을 최대로 하기 위해 프레임의 길이를 동적으로 변경시킬 수 있는 방식은?,Adaptive ARQ,Go back-N ARQ,Selective-Repeat AR,Stop and Wait ARQ,1
2과목 네트워크 일반,"Routing Algorithm은 네트워크를 통한 최적 경로를 결정하기 위한 산출 과정으로서, 네트워크를 통해 어떤 정보를 전송 시 사용할 경로를 결정한다. Routing Algorithm이 갖추어야할 사항이 아닌 것은?",최적성,단순성,독립성,유연성,3
2과목 네트워크 일반,"다음의 망 연동 장치 중 네트워크 계층에서 사용하며, 여러 개의 서브네트워크를 연결할 때 사용하는 것은?",Bridge,Router,Repeater,Gateway,2
2과목 네트워크 일반,OSI 7 Layer는 네트워크 계층을 7개의 계층으로 구분한 것이다. 비트를 데이터 프레임으로 전환하며 순환 잉여 체크(CRC)를 하는 계층은?,트랜스포트 계층,네트워크 계층,데이터 링크 계층,물리적 계층,3
2과목 네트워크 일반,전기전자기술자협회(IEEE)에서 IEEE802.5 표준으로 정의하는 네트워킹 기술은?,Token Bus,Token Ring,CSMA/CD,DQDB,2
2과목 네트워크 일반,근거리 통신망(LAN)과 가장 관련이 있는 것은?,X.25,X.75,RS-232C,Ethernet,4
2과목 네트워크 일반,ADSL에 대한 설명 중 가장 올바른 것은?,대칭적 설계 때문에 HDSL보다 더 실용적이다.,대부분의 어플리케이션들이 하향전송보다는 상향전송의 요구량이 많기 때문에 ADSL이 효율적이다.,"하향전송률의 범위는 1.5 ~ 9Mbps이며, 상향전송률의 범위는 16 ~ 640Kbps로 규정되어 있다.",ADSL의 데이터를 한 쌍의 전화선을 사용하여 10Km까지 전송할 수 있다.,3
2과목 네트워크 일반,Windows 2000 Server가 지원하는 File System으로 옳지 않은 것은?,EXT2,NTFS,FAT,FAT32,1
2과목 네트워크 일반,네트워크 인터페이스가 내장된 프린터 디바이스의 사용으로 관계가 없는 것은?,네트워크 인터페이스 프린터 디바이스는 네트워크에 직접 연결되므로 IP Address가 할당된다.,표준(Standard) TCP/IP 프린터 포트를 추가하여 사용 할 수 있다.,네트워크에 연결되어 있으므로 여러 사용자가 공유하기 쉽다.,네트워크 인터페이스 프린터 디바이스의 포트 이름은 URL 방식으로 입력한다.,4
2과목 네트워크 일반,Windows 2000 Server에서 IIS(Internet Information Service)를 설치할 때 고려할 사항으로 가장 적절하지 않은 것은?,TCP/IP : IIS는 데이터 전송에 필요한 연결을 제공하기 위해 TCP/IP가 반드시 필요하다.,고정 IP Address : IIS를 사용하여 인터넷 내용을 게시하려면 서버에 고정 IP Address를 사용해야 한다.,도메인 이름(DNS 서버 설정) : 도메인 이름으로 웹사이트를 액세스하려면 DNS를 사용해야 한다.,FAT 파일 시스템 : Everyone 그룹으로 접근을 해야 하므로 웹 내용을 저장할 모든 드라이브를 FAT 파일 시스템으로 포맷해야 한다.,4
2과목 네트워크 일반,"주 네임서버와 보조 네임서버 사이의 영역 전송에 문제가 발생하였을 때, 해결 방법으로 옳지 않은 것은?",영역 전송에 관한 일련번호가 동일한 경우 일련번호를 높은 값으로 변경,각각의 네임서버에서 상대 네임서버의 IP Address를 이용하여 Ping 테스트 수행,주 영역의 알림 목록에서 보조 네임서버를 삭제,"영역 전송에서 네임서버가 실행되었고, 영역이 일시 정지가 아니라는 것을 확인",3
2과목 네트워크 일반,DNS 서버에 IP Address를 도메인 네임으로 변환하는 기능을 가지도록 할 때 추가해야 하는 영역은?,정방향 조회 영역,역방향 조회 영역,정방향 조회 영역의 보조 영역,세로 방향 조회 영역,2
2과목 네트워크 일반,Windows 2000 Server에서 다음 FTP 명령어 중 원격지 호스트의 작업 디렉터리에서 a로 시작하는 모든 파일을 지역 호스트의 작업 디렉터리에 복사하는 명령어는?,ftp>mput a*,ftp>mget a*,ftp>put a*,ftp>get a*,2
2과목 네트워크 일반,Windows 2000 Server에서 FTP서버의 등록정보에 없는 탭은?,보안 계정,디렉터리 보안,성능,홈 디렉터리,3
3과목 NOS,Windows 2000 Server의 Active Directory에 대한 설명 중 옳지 않은 것은?,네트워크상의 개체에 대한 정보를 저장하며 관리자와 사용자가 이 정보를 쉽게 찾아 사용할 수 있도록 한다.,인터넷을 통한 로그온 인증도 가능하다.,인터넷 표준인 HTTP 프로토콜을 이용한다.,DNS 기반의 네임 스페이스를 이용한다.,3
3과목 NOS,Windows 2000 Server나 Workstation이 설치될 때 자동으로 생성되는 Built-in User Account로만 이루어진 것은?,"사용자 생성 Account, Guest, Administrator","Guest, Administrator","Anonymous, Administrator","Anonymous, Guest, Administrator",2
3과목 NOS,다음은 Windows 2000 Server의 어떤 계정에 대한 설명인가?,Administrator,Power User,Guest,User,1
3과목 NOS,Domain Name을 IP Address로 변환 는 시스템은?,IIS,DHCP,NNTP,DNS,4
3과목 NOS,Windows 2000 Server의 동적 디스크는 복수의 디스크 빈 공간으로부터 만들어진 저장 단위인 볼륨(Volume)으로 만들어진다. 볼륨을 올바르게 설명한 것은?,"스트라이프 볼륨 : 여러 디스크를 하나의 볼륨으로 지정하며, 저장 시 하나의 디스크를 다 사용할 때까지 다른 디스크를 이용하지 않는다.","스팬 볼륨 : 여러 디스크를 하나의 볼륨으로 사용하며, 각각의 디스크를 동시에 사용한다.","RAID-5 볼륨 : 최고의 성능을 기대할 수 있지만, 고장 대비 능력은 전혀 없다.","미러 볼륨 : 같은 내용을 갖는 단순 볼륨을 동시에 두개 만드는 형태이며, 하나의 디스크에 오류가 발생해도 복구가 가능하다.",4
3과목 NOS,서버에 적합하지 않은 운영체제는?,Linux,Windows NT,Unix,DOS,4
3과목 NOS,Linux 시스템의 기본 명령어들이 포함되어 있는 디렉터리는?,/dev,/lib,/bin,/etc,3
3과목 NOS,Linux 설치 시 Swap 영역에 대한 설명 중 옳지 않은 것은?,RAM의 부족한 용량을 보충하기 위해 하드 디스크의 일정부분을 지정하여 RAM처럼 사용한다.,일반적으로 실제 메모리의 두 배 정도면 적당하다.,시스템을 모니터링 한 결과 Swap이 많이 일어나면 메모리를 증설해야 한다.,한번 설정한 Swap은 추가가 불가능하므로 신중을 기해 크기를 결정해야 한다.,4
3과목 NOS,Linux 시스템에서 특정 서비스를 제공하는 Daemon이 살아있는지 확인할 때 사용하는 명령어는?,daemon,fsck,men,ps,4
3과목 NOS,다음 중 네트워크 인터페이스 카드(NIC)에 대한 설명으로 옳지 않은 것은?,OSI 참조 모델 중 4 계층 장비이다.,케이블을 통해 데이터 전송을 하기 위한 장치이다.,병렬 데이터를 받아 직렬로 전송한다.,고유한 네트워크 어드레스인 MAC 어드레스가 있다.,1
